Product Name,Unit Size,Unit Size,Unit Size,Unit Size,SKU,NPK,Cateogry,Type,Uses,Plant Type,Specific Plants,Dilution Rate,Rate Min mL / 100L,Rate Max mL / 100L,Rate Min g / plant,Rate Max  g / plant,Rate Min Rate g / L,Rate Max g / L,Rate Min g / m²,Rate Max g / m²,Rate g / 100 m²,Rate  Min kg / m³,Rate  Max kg / m³,Rate  Min kg / 100 m²,Rate  Max kg / 100 m²,Rate Min mL / 100 m²,Rate Max mL / 100 m²,Rate min kg  / Ha,Rate max kg / Ha,Rate min L / Ha,Rate max L / Ha, Watering Can Standard Min mL / 8L ,Watering Can Standard Max mL / 8L ,Watering Can Standard min mL / 9L ,Watering Can Standard max mL / 9L ,Watering Can Standard Min mL / 10L ,Watering Can Standard Max mL / 10L ,Watering Can Standard g / 10L ,Frequency,Buy now,Notes,Dilution Guide
Activ8EXTRA,1L,4L,10L,,a8X,16-2-5,Fertiliser,Liquid,"Lawns, Gardens, Trees",Grass,"Buffalo, Couch, Kikuyu, Zoysia",,,,,,,,,,,,,,,75mL,100mL,,,7.5L,10L,,,20mL,30mL,,,,Every 2–4 weeks as needed,https://www.plantdoctor.com.au/activ8extra-boosted-liquid-fertiliser-and-inoculan,Avoid mixing with iron products; trial patch first,Mix in water; apply evenly
Activ8mate Liquid Fertiliser & Inoculant,1L,4L,10L,20L,a8M,8/1/04,Fertiliser,Liquid,"Lawns, gardens, trees, farms",Grass,"Buffalo, Couch, Kikuyu, Zoysia",1:100,,,,,,,,,,,,,,75mL,100mL,,,5L,10L,,,20mL,30mL,,,,Every 2–4 weeks as needed,https://www.plantdoctor.com.au/activ8mate-liquid-fertiliser-inoculant-for-use-on,"Use all year round; warmer months may benefit from more frequent, lighter applications.
Apply half‑rate on natives, orchids, African violets, and ferns.
Product enhances soil microbiology and plant nutrient uptake.",Minimum dilution rate ~1:100; agitate well before use.
"

CHAMPION Lawn & Fairway Fertiliser",1kg,4.5kg,20kg,,886,15-3-8,Fertiliser,Granular,"Lawns, fairways, pastures, parks & sports grounds",Grass,"Buffalo, Couch, Kikuyu, Zoysia",,,,,,,,,,,,,2kg,4kg,,,200kg,400kg,,,,,,,,,,Every 8-10 weeks during active growth or as required,https://www.plantdoctor.com.au/champion-mineral-lawn-fairway-fertiliser-new ,"Slow‑release feeding up to ~3 months; ideal after mowing or aeration.
Water in lightly after application to activate nutrients.
Can be used on lawns, turf, fairways, and around most plants (trial first if unsure).",Not applicable – broadcast evenly across surface; light water‑in after spreading.
CHAMPION Mineral Low Cut Lawn Fertiliser,1kg,4.5kg,20kg,,892,16-1-9,Fertiliser,Granular,"Lawns (especially low‑cut turf), gardens, greens, sports turf",Grass,"Buffalo, Couch, Kikuyu, Zoysia",,,,,,,,,,,,,2kg,4kg,,,200kg,400kg,,,,,,,,,,Every 8–12 weeks or as required during active growth,https://www.plantdoctor.com.au/champion-mineral-low-cut-lawn-fertiliser-new,"Slow‑release formulation feeds turf consistently for up to ~3 months.
Ideal for maintaining dense, low‑cut turf and greens.
Can also be used around beds and other lawn edges; conduct trial if unsure.",Apply evenly across the turf surface with a spreader; provide a light water‑in after spreading (best applied after mowing or aeration).
"Flowers, Fruits & Roots Granular Fertiliser",1kg,4.5kg,20kg,,575,8/2/20,Fertiliser,Granular,"Gardens (flowers & fruit), trees, shrubs, ornamentals, edible plants, farms/permaculture; not intended for turf/lawns",General bedding plants,General,,,,,,,,,,,,,2kg,5.5kg,,,200kg,400kg,,,,,,,,,,Once at planting or when growth/fruiting requires feeding; slow‑release over ~4–6 months.,https://www.plantdoctor.com.au/flowers-fruits-roots-granular-fertiliser-8-2-20-np,"Application rates vary significantly with plant type; product is designed to support flowering, fruiting and root strength and is not intended for lawn nutrition (other products like MaxGreen or Lawn‑specific fertilisers are recommended for turf). Use caution with phosphorus‑sensitive natives — trial small areas first.",Not a liquid product — broadcast or incorporate into soil/around root zone; lightly water in after application.
"Flowers, Fruits & Roots Granular Fertiliser",1kg,4.5kg,20kg,,575,8/2/20,Fertiliser,Granular,"Gardens (flowers & fruit), trees, shrubs, ornamentals, edible plants, farms/permaculture; not intended for turf/lawns",Denser flowering beds,General,,,,,,,,,,,,,5.5kg,,,,,,,,,,,,,,,Once at planting or when growth/fruiting requires feeding; slow‑release over ~4–6 months.,https://www.plantdoctor.com.au/flowers-fruits-roots-granular-fertiliser-8-2-20-np,"Application rates vary significantly with plant type; product is designed to support flowering, fruiting and root strength and is not intended for lawn nutrition (other products like MaxGreen or Lawn‑specific fertilisers are recommended for turf). Use caution with phosphorus‑sensitive natives — trial small areas first.",Not a liquid product — broadcast or incorporate into soil/around root zone; lightly water in after application.
"Flowers, Fruits & Roots Granular Fertiliser",1kg,4.5kg,20kg,,575,8/2/20,Fertiliser,Granular,"Gardens (flowers & fruit), trees, shrubs, ornamentals, edible plants, farms/permaculture; not intended for turf/lawns",Bedding Plants,Roses,,,,,,,,,,70g,,,,,,,,,,,,,,,,,,Once at planting or when growth/fruiting requires feeding; slow‑release over ~4–6 months.,https://www.plantdoctor.com.au/flowers-fruits-roots-granular-fertiliser-8-2-20-np,"Application rates vary significantly with plant type; product is designed to support flowering, fruiting and root strength and is not intended for lawn nutrition (other products like MaxGreen or Lawn‑specific fertilisers are recommended for turf). Use caution with phosphorus‑sensitive natives — trial small areas first.",Not a liquid product — broadcast or incorporate into soil/around root zone; lightly water in after application.
"Flowers, Fruits & Roots Granular Fertiliser",1kg,4.5kg,20kg,,575,8/2/20,Fertiliser,Granular,"Gardens (flowers & fruit), trees, shrubs, ornamentals, edible plants, farms/permaculture; not intended for turf/lawns",Bedding Plants,Strawberries,,,,,,,,,,20g,,,,,,,,,,,,,,,,,,Once at planting or when growth/fruiting requires feeding; slow‑release over ~4–6 months.,https://www.plantdoctor.com.au/flowers-fruits-roots-granular-fertiliser-8-2-20-np,"Application rates vary significantly with plant type; product is designed to support flowering, fruiting and root strength and is not intended for lawn nutrition (other products like MaxGreen or Lawn‑specific fertilisers are recommended for turf). Use caution with phosphorus‑sensitive natives — trial small areas first.",Not a liquid product — broadcast or incorporate into soil/around root zone; lightly water in after application.
"Flowers, Fruits & Roots Granular Fertiliser",1kg,4.5kg,20kg,,575,8/2/20,Fertiliser,Granular,"Gardens (flowers & fruit), trees, shrubs, ornamentals, edible plants, farms/permaculture; not intended for turf/lawns",Bedding Plants,Carnations,,,,4g,,,,,,,,,,,,,,,,,,,,,,,,Once at planting or when growth/fruiting requires feeding; slow‑release over ~4–6 months.,https://www.plantdoctor.com.au/flowers-fruits-roots-granular-fertiliser-8-2-20-np,"Application rates vary significantly with plant type; product is designed to support flowering, fruiting and root strength and is not intended for lawn nutrition (other products like MaxGreen or Lawn‑specific fertilisers are recommended for turf). Use caution with phosphorus‑sensitive natives — trial small areas first.",Not a liquid product — broadcast or incorporate into soil/around root zone; lightly water in after application.
"Flowers, Fruits & Roots Granular Fertiliser",1kg,4.5kg,20kg,,575,8/2/20,Fertiliser,Granular,"Gardens (flowers & fruit), trees, shrubs, ornamentals, edible plants, farms/permaculture; not intended for turf/lawns",Shrubs,Small Shrub,,,,20g,,,,,,,,,,,,,,,,,,,,,,,,Once at planting or when growth/fruiting requires feeding; slow‑release over ~4–6 months.,https://www.plantdoctor.com.au/flowers-fruits-roots-granular-fertiliser-8-2-20-np,"Application rates vary significantly with plant type; product is designed to support flowering, fruiting and root strength and is not intended for lawn nutrition (other products like MaxGreen or Lawn‑specific fertilisers are recommended for turf). Use caution with phosphorus‑sensitive natives — trial small areas first.",Not a liquid product — broadcast or incorporate into soil/around root zone; lightly water in after application.
"Flowers, Fruits & Roots Granular Fertiliser",1kg,4.5kg,20kg,,575,8/2/20,Fertiliser,Granular,"Gardens (flowers & fruit), trees, shrubs, ornamentals, edible plants, farms/permaculture; not intended for turf/lawns",Shrubs,Medium Shrub,,,,40g,,,,,,,,,,,,,,,,,,,,,,,,Once at planting or when growth/fruiting requires feeding; slow‑release over ~4–6 months.,https://www.plantdoctor.com.au/flowers-fruits-roots-granular-fertiliser-8-2-20-np,"Application rates vary significantly with plant type; product is designed to support flowering, fruiting and root strength and is not intended for lawn nutrition (other products like MaxGreen or Lawn‑specific fertilisers are recommended for turf). Use caution with phosphorus‑sensitive natives — trial small areas first.",Not a liquid product — broadcast or incorporate into soil/around root zone; lightly water in after application.
"Flowers, Fruits & Roots Granular Fertiliser",1kg,4.5kg,20kg,,575,8/2/20,Fertiliser,Granular,"Gardens (flowers & fruit), trees, shrubs, ornamentals, edible plants, farms/permaculture; not intended for turf/lawns",Trees,Tall Trees,,,,60g,,,,,,,,,,,,,,,,,,,,,,,,Once at planting or when growth/fruiting requires feeding; slow‑release over ~4–6 months.,https://www.plantdoctor.com.au/flowers-fruits-roots-granular-fertiliser-8-2-20-np,"Application rates vary significantly with plant type; product is designed to support flowering, fruiting and root strength and is not intended for lawn nutrition (other products like MaxGreen or Lawn‑specific fertilisers are recommended for turf). Use caution with phosphorus‑sensitive natives — trial small areas first.",Not a liquid product — broadcast or incorporate into soil/around root zone; lightly water in after application.
"Flowers, Fruits & Roots Granular Fertiliser",1kg,4.5kg,20kg,,575,8/2/20,Fertiliser,Granular,"Gardens (flowers & fruit), trees, shrubs, ornamentals, edible plants, farms/permaculture; not intended for turf/lawns",Trees,Fruit Trees (2nd Year),,,,20 - 40g,,,,,,,,,,,,,,,,,,,,,,,,Once at planting or when growth/fruiting requires feeding; slow‑release over ~4–6 months.,https://www.plantdoctor.com.au/flowers-fruits-roots-granular-fertiliser-8-2-20-np,"Application rates vary significantly with plant type; product is designed to support flowering, fruiting and root strength and is not intended for lawn nutrition (other products like MaxGreen or Lawn‑specific fertilisers are recommended for turf). Use caution with phosphorus‑sensitive natives — trial small areas first.",Not a liquid product — broadcast or incorporate into soil/around root zone; lightly water in after application.
Lawn Envy,,4L,10L,,LEN,16-1-5,Fertiliser,Liquid Concentrate,"Lawns, gardens, trees, indoor plants, farms",Grass,"Buffalo, Couch, Kikuyu, Zoysia",1:2,,,,,,,,,,,,,,500mL,1000mL,,,50L,100L,,,,,,,,"Apply every ~4 weeks under active growth. When alternating with complementary products (e.g., MaxGreen), offset applications by ~2 weeks.",https://www.plantdoctor.com.au/lawn-envy,Use 1 L concentrate + water to make ~2 L ready‑to‑use. A 4L refill to provide 8 treatments based on a 50/50 mix with water for each refill.,Ready‑to‑use mode: No dilution required — attach bottle to hose and spray evenly. Concentrate mode: Use 1 L concentrate + water to make ~2 L ready‑to‑use (effectively doubling coverage per litre of concentrate).
Lawn Envy 2L Hose on,2L,,,,LEN,8/1/03,Fertiliser,Liquid,"Lawns, gardens, trees, indoor plants, farms and larger turf/fodder areas (when applied via hose, sprayer or fertigation).",Grass,"Buffalo, Couch, Kikuyu, Zoysia",N/A,,,,,,,,,,,,,,1000mL,2000mL,,,100L,200L,,,,,,,,"Apply every ~4 weeks under active growth. When alternating with complementary products (e.g., MaxGreen), offset applications by ~2 weeks.",https://www.plantdoctor.com.au/lawn-envy,"Ready‑to‑use coverage: 2 L bottle ≈ 200 m²
Concentrate refills provide up to ~8 applications in a 2 L bottle when diluted 1:1 with water.
Compatible with EZFLO fertigation systems for larger or irregular areas.
Pre‑mixed formula combines nutrients, wetting agents, organic stimulants and trace elements; excellent for overall plant and soil health beyond turf.",Ready‑to‑use mode: No dilution required — attach bottle to hose and spray evenly. Concentrate mode: Use 1 L concentrate + water to make ~2 L ready‑to‑use (effectively doubling coverage per litre of concentrate).
"Liquid Iron Fertiliser - 7% Iron, 3% Sulphur",1L,4L,10L,,LIR,,Fertiliser,Liquid,"Lawns (all turf types), gardens, ornamentals, vegetables, fruit & nut trees, vines, broadacre crops",Grass,"Buffalo, Couch, Kikuyu, Zoysia",1:50,,,,,,,,,,,,,,150mL,400mL,,,1.5L,4L,,,10mL,25mL,,,,"Lawns: every ~4 weeks during growing season or as needed
Vegetables: every ~2 weeks or as required
Ornamentals: ~every 4 weeks during active growth
Trees/Fruits/Nuts/Vines: every ~6–8 weeks or as needed",https://www.plantdoctor.com.au/plant-doctor-7-iron-3-sulphur-liquid-fertiliser,"Corrects iron chlorosis (yellowing due to iron deficiency) and boosts green colour.
Can be used as foliar spray or soil drench.
Iron should be applied separately from other fertilisers to avoid reactions; compatible with some humic products but test before mixing.
Iron application may stain paths/clothes; apply in calm conditions.","Minimum dilution 1:50 (product : water). Apply via foliar spray, soil drench, or through fertigation. Agronomic practice is to mix into enough water to ensure even coverage; avoid mixing with other products except compatible ones and always do a jar test first."
"Liquid Iron Fertiliser - 7% Iron, 3% Sulphur",1L,4L,10L,,LIR,,Fertiliser,Liquid,"Lawns (all turf types), gardens, ornamentals, vegetables, fruit & nut trees, vines, broadacre crops",Bedding Plants,Ornamental Plants,1:50,,,,,,,,,,,,,,,,,,,,,,,,10mL,25mL,,Every 4 weeks during growing season or as required,https://www.plantdoctor.com.au/plant-doctor-7-iron-3-sulphur-liquid-fertiliser,"Corrects iron chlorosis (yellowing due to iron deficiency) and boosts green colour.
Can be used as foliar spray or soil drench.
Iron should be applied separately from other fertilisers to avoid reactions; compatible with some humic products but test before mixing.
Iron application may stain paths/clothes; apply in calm conditions.","Minimum dilution 1:50 (product : water). Apply via foliar spray, soil drench, or through fertigation. Agronomic practice is to mix into enough water to ensure even coverage; avoid mixing with other products except compatible ones and always do a jar test first."
"Liquid Iron Fertiliser - 7% Iron, 3% Sulphur",1L,4L,10L,,LIR,,Fertiliser,Liquid,"Lawns (all turf types), gardens, ornamentals, vegetables, fruit & nut trees, vines, broadacre crops",Bedding Plants,Vegetables,1:50,,,,,,,,,,,,,,150mL,300mL,,,1.5L,3L,,,,,,,,Fortnightly or as required,https://www.plantdoctor.com.au/plant-doctor-7-iron-3-sulphur-liquid-fertiliser,"Corrects iron chlorosis (yellowing due to iron deficiency) and boosts green colour.
Can be used as foliar spray or soil drench.
Iron should be applied separately from other fertilisers to avoid reactions; compatible with some humic products but test before mixing.
Iron application may stain paths/clothes; apply in calm conditions.","Minimum dilution 1:50 (product : water). Apply via foliar spray, soil drench, or through fertigation. Agronomic practice is to mix into enough water to ensure even coverage; avoid mixing with other products except compatible ones and always do a jar test first."
"Liquid Iron Fertiliser - 7% Iron, 3% Sulphur",1L,4L,10L,,LIR,,Fertiliser,Liquid,"Lawns (all turf types), gardens, ornamentals, vegetables, fruit & nut trees, vines, broadacre crops","Trees, Fruits, Nuts & Grapevines",Bedding,1:50,,,,,,,,,,,,,,150mL,300mL,,,1.5L,3L,,,,,,,,Every 6–8 weeks or as required,https://www.plantdoctor.com.au/plant-doctor-7-iron-3-sulphur-liquid-fertiliser,"Corrects iron chlorosis (yellowing due to iron deficiency) and boosts green colour.
Can be used as foliar spray or soil drench.
Iron should be applied separately from other fertilisers to avoid reactions; compatible with some humic products but test before mixing.
Iron application may stain paths/clothes; apply in calm conditions.","Minimum dilution 1:50 (product : water). Apply via foliar spray, soil drench, or through fertigation. Agronomic practice is to mix into enough water to ensure even coverage; avoid mixing with other products except compatible ones and always do a jar test first."
"Liquid Iron Fertiliser - 7% Iron, 3% Sulphur",1L,4L,10L,,LIR,,Fertiliser,Liquid,"Lawns (all turf types), gardens, ornamentals, vegetables, fruit & nut trees, vines, broadacre crops",Broadacre Crops,Bedding,1:50,,,,,,,,,,,,,,,,,,3L,8L,,,,,,,,As required within crop program,https://www.plantdoctor.com.au/plant-doctor-7-iron-3-sulphur-liquid-fertiliser,"Corrects iron chlorosis (yellowing due to iron deficiency) and boosts green colour.
Can be used as foliar spray or soil drench.
Iron should be applied separately from other fertilisers to avoid reactions; compatible with some humic products but test before mixing.
Iron application may stain paths/clothes; apply in calm conditions.","Minimum dilution 1:50 (product : water). Apply via foliar spray, soil drench, or through fertigation. Agronomic practice is to mix into enough water to ensure even coverage; avoid mixing with other products except compatible ones and always do a jar test first."
"Flowers, Fruits & Roots Liquid Fertiliser",1L,4L,10L,,721,9/7/19,Fertiliser,Liquid,"Gardens (flowers & fruit), trees, shrubs, ornamentals, edible plants, farms/permaculture; not intended for turf/lawns",Bedding Plants,Ornamental Plants,,,,,,,,,,,,,,,,,,,,,10mL,20mL,,,,,,Apply every 4 weeks or as required,https://www.plantdoctor.com.au/flowers-fruits-and-roots-liquid-fertiliser,"	Excellent for flowering garden beds, ornamentals & container plants.",Dilute in water sufficiently to spray foliage/soil evenly across area
"Flowers, Fruits & Roots Liquid Fertiliser",1L,4L,10L,,721,9/7/19,Fertiliser,Liquid,"Gardens (flowers & fruit), trees, shrubs, ornamentals, edible plants, farms/permaculture; not intended for turf/lawns",Bedding Plants,Vegetables,,,,,,,,,,,,,,,100mL,250mL,,,,,10mL,20mL,,,,,,Apply fortnightly or as required,https://www.plantdoctor.com.au/flowers-fruits-and-roots-liquid-fertiliser,Use throughout active vegetable growth for bloom and fruit set.,Dilute in water sufficiently to spray foliage/soil evenly across area
"Flowers, Fruits & Roots Liquid Fertiliser",1L,4L,10L,,721,9/7/19,Fertiliser,Liquid,"Gardens (flowers & fruit), trees, shrubs, ornamentals, edible plants, farms/permaculture; not intended for turf/lawns","Trees, Fruits, Nuts & Grapevines",General,,,,,,,,,,,,,,,100mL,170mL,,,10L,17L,,,,,,,,	Apply every 6-8 weeks or as required.,https://www.plantdoctor.com.au/flowers-fruits-and-roots-liquid-fertiliser,Supports flowering and fruit set on larger plants and orchard crops.,Dilute in water sufficiently to spray foliage/soil evenly across area
"Flowers, Fruits & Roots Liquid Fertiliser",1L,4L,10L,,721,9/7/19,Fertiliser,Liquid,"Gardens (flowers & fruit), trees, shrubs, ornamentals, edible plants, farms/permaculture; not intended for turf/lawns",Broadacre Crops,General,,,,,,,,,,,,,,,,,,,8L,20L,,,,,,,,Apply as required within normal crop program,https://www.plantdoctor.com.au/flowers-fruits-and-roots-liquid-fertiliser,"Designed for larger scale horticulture and broadacre use (e.g. orchards, vineyards).",Dilute in water sufficiently to spray foliage/soil evenly across area
"Flowers, Fruits & Roots Liquid Fertiliser",1L,4L,10L,,721,9/7/19,Fertiliser,Liquid,"Gardens (flowers & fruit), trees, shrubs, ornamentals, edible plants, farms/permaculture; not intended for turf/lawns",Grass,General,,,,,,,,,,,,,,,80mL,120mL,,,8L,12L,,,,,,,,Apply as required within normal crop program,https://www.plantdoctor.com.au/flowers-fruits-and-roots-liquid-fertiliser,"Designed for larger scale horticulture and broadacre use (e.g. orchards, vineyards).",Dilute in water sufficiently to spray foliage/soil evenly across area
"MaxGreen Hi-N & Iron Liquid Fertiliser - 16% Nitrogen, 5% Iron, 2% Sulphur",1L,2L,4L,10L,MG,,Fertiliser,Liquid,"Lawns (all turf types), gardens, ornamentals, vegetables, fruit & nut trees, vines, broadacre crops",Grass,"Buffalo, Couch, Kikuyu, Zoysia",,,,,,,,,,,,,,,140mL,400mL,,,14L,40L,,,,,,,,Monthly in growing season,https://www.plantdoctor.com.au/maxgreen-hi-n-iron-liquid-fertiliser-growth-plus-g,Corrects iron deficiency and supports green colour and growth in turf & ornamentals. Avoid mixing with incompatible products; add iron last after other liquids diluted.,Dilute into water and spray evenly across leaf/soil surface; lightly water in after application.
"MaxGreen Hi-N & Iron Liquid Fertiliser - 16% Nitrogen, 5% Iron, 2% Sulphur",1L,2L,4L,10L,MG,,Fertiliser,Liquid,"Lawns (all turf types), gardens, ornamentals, vegetables, fruit & nut trees, vines, broadacre crops",Bedding Plants,Vegetables,,,,,,,,,,,,,,,140mL,300mL,,,14L,30L,,,,,,,,Fortnightly or as required,https://www.plantdoctor.com.au/maxgreen-hi-n-iron-liquid-fertiliser-growth-plus-g,Use during active growth to support greener foliage and nutrient uptake; adjust frequency based on plant response.,Dilute into water and spray evenly across leaf/soil surface; lightly water in after application.
"MaxGreen Hi-N & Iron Liquid Fertiliser - 16% Nitrogen, 5% Iron, 2% Sulphur",1L,2L,4L,10L,MG,,Fertiliser,Liquid,"Lawns (all turf types), gardens, ornamentals, vegetables, fruit & nut trees, vines, broadacre crops","Trees, Fruits, Nuts & Grapevines",General,,,,,,,,,,,,,,,140mL,300mL,,,14L,30L,,,,,,,,Every 6–8 weeks or as required,https://www.plantdoctor.com.au/maxgreen-hi-n-iron-liquid-fertiliser-growth-plus-g,Iron helps correct chlorosis; nitrogen supports vigorous growth.,Dilute into water and spray evenly across leaf/soil surface; lightly water in after application.
"MaxGreen Hi-N & Iron Liquid Fertiliser - 16% Nitrogen, 5% Iron, 2% Sulphur",1L,2L,4L,10L,MG,,Fertiliser,Liquid,"Lawns (all turf types), gardens, ornamentals, vegetables, fruit & nut trees, vines, broadacre crops",Broadacre Crops,General,,,,,,,,,,,,,,,,,,,15L,40L,,,,,,,,Per nutrient program as required,https://www.plantdoctor.com.au/maxgreen-hi-n-iron-liquid-fertiliser-growth-plus-g,,Dilute into water and spray evenly across leaf/soil surface; lightly water in after application.
"Roots, Shoots & Leaves Granular Fertiliser",1kg,4.5kg,20kg,,1156,16-2-10,Fertiliser,Granular,"Lawns and turf, Garden beds, Bedding and flowering plants, Vegetables and edible gardens, Trees and shrubs, Container and pot plants, Potting mix base fertiliser",Grass,"Buffalo, Couch, Kikuyu, Zoysia",,,,,,,,,,,,,2kg,4kg,,,200kg,400kg,,,,,,,,,,"Apply every 2–3 months or as required (more in summer, less in winter)",https://www.plantdoctor.com.au/roots-shoots-leaves-granular-fertiliser-16-2-10-np,"Slow-release fertiliser feeding nitrogen, potassium and trace elements for sustained growth up to several months. Adjust based on turf vigour and soil conditions.",Spread evenly; water in lightly after application.
"Roots, Shoots & Leaves Granular Fertiliser",1kg,4.5kg,20kg,,1156,16-2-10,Fertiliser,Granular,"Lawns and turf, Garden beds, Bedding and flowering plants, Vegetables and edible gardens, Trees and shrubs, Container and pot plants, Potting mix base fertiliser",Potting Mix,General,,,,,,4g,,,,,,,,,,,,,,,,,,,,,,"Apply every 2–3 months or as required (more in summer, less in winter)",https://www.plantdoctor.com.au/roots-shoots-leaves-granular-fertiliser-16-2-10-np,Works as a slow-release base in potting mixes.,Spread evenly; water in lightly after application.
"Roots, Shoots & Leaves Granular Fertiliser",1kg,4.5kg,20kg,,1156,16-2-10,Fertiliser,Granular,"Lawns and turf, Garden beds, Bedding and flowering plants, Vegetables and edible gardens, Trees and shrubs, Container and pot plants, Potting mix base fertiliser",Bedding Plants,Begonia,,,,,,,,,,5.5kg,,,,,,,,,,,,,,,,,,"Apply every 2–3 months or as required (more in summer, less in winter)",https://www.plantdoctor.com.au/roots-shoots-leaves-granular-fertiliser-16-2-10-np,Higher rates recommended for dense flowers/foliage.,Spread evenly; water in lightly after application.
"Roots, Shoots & Leaves Granular Fertiliser",1kg,4.5kg,20kg,,1156,16-2-10,Fertiliser,Granular,"Lawns and turf, Garden beds, Bedding and flowering plants, Vegetables and edible gardens, Trees and shrubs, Container and pot plants, Potting mix base fertiliser",Trees,General,,,,100g,,,,,,,,,,,,,,,,,,,,,,,,"Apply every 2–3 months or as required (more in summer, less in winter)",https://www.plantdoctor.com.au/roots-shoots-leaves-granular-fertiliser-16-2-10-np,Different rates for small/medium/large shrubs and trees; adjust to canopy size.,Spread evenly; water in lightly after application.
"Roots, Shoots & Leaves Granular Fertiliser",1kg,4.5kg,20kg,,1156,16-2-10,Fertiliser,Granular,"Lawns and turf, Garden beds, Bedding and flowering plants, Vegetables and edible gardens, Trees and shrubs, Container and pot plants, Potting mix base fertiliser",Trees,Natives,,,,,,,,,,,1.5kg,3kg,,,,,,,,,,,,,,,,"Apply every 2–3 months or as required (more in summer, less in winter)",https://www.plantdoctor.com.au/roots-shoots-leaves-granular-fertiliser-16-2-10-np,Different rates for small/medium/large shrubs and trees; adjust to canopy size.,Spread evenly; water in lightly after application.
"Roots, Shoots & Leaves Granular Fertiliser",1kg,4.5kg,20kg,,1156,16-2-10,Fertiliser,Granular,"Lawns and turf, Garden beds, Bedding and flowering plants, Vegetables and edible gardens, Trees and shrubs, Container and pot plants, Potting mix base fertiliser",Trees,Foliage,,,,,,,,,,,2kg,4kg,,,,,,,,,,,,,,,,"Apply every 2–3 months or as required (more in summer, less in winter)",https://www.plantdoctor.com.au/roots-shoots-leaves-granular-fertiliser-16-2-10-np,Different rates for small/medium/large shrubs and trees; adjust to canopy size.,Spread evenly; water in lightly after application.
"Roots, Shoots & Leaves Granular Fertiliser",1kg,4.5kg,20kg,,1156,16-2-10,Fertiliser,Granular,"Lawns and turf, Garden beds, Bedding and flowering plants, Vegetables and edible gardens, Trees and shrubs, Container and pot plants, Potting mix base fertiliser",Trees,Flowers & Fruit,,,,,,,,,,,3kg,4kg,,,,,,,,,,,,,,,,"Apply every 2–3 months or as required (more in summer, less in winter)",https://www.plantdoctor.com.au/roots-shoots-leaves-granular-fertiliser-16-2-10-np,Different rates for small/medium/large shrubs and trees; adjust to canopy size.,Spread evenly; water in lightly after application.
"Roots, Shoots & Leaves Granular Fertiliser",1kg,4.5kg,20kg,,1156,16-2-10,Fertiliser,Granular,"Lawns and turf, Garden beds, Bedding and flowering plants, Vegetables and edible gardens, Trees and shrubs, Container and pot plants, Potting mix base fertiliser",Trees,Fruit Trees (2nd Year),,,,,,,,20,40,,,,,,,,,,,,,,,,,,,"Apply every 2–3 months or as required (more in summer, less in winter)",https://www.plantdoctor.com.au/roots-shoots-leaves-granular-fertiliser-16-2-10-np,Different rates for small/medium/large shrubs and trees; adjust to canopy size.,Spread evenly; water in lightly after application.
"Roots, Shoots & Leaves Granular Fertiliser",1kg,4.5kg,20kg,,1156,16-2-10,Fertiliser,Granular,"Lawns and turf, Garden beds, Bedding and flowering plants, Vegetables and edible gardens, Trees and shrubs, Container and pot plants, Potting mix base fertiliser",Shrubs,Small Shrub,,,,20g,,,,,,,,,,,,,,,,,,,,,,,,"Apply every 2–3 months or as required (more in summer, less in winter)",https://www.plantdoctor.com.au/roots-shoots-leaves-granular-fertiliser-16-2-10-np,Different rates for small/medium/large shrubs and trees; adjust to canopy size.,Spread evenly; water in lightly after application.
"Roots, Shoots & Leaves Granular Fertiliser",1kg,4.5kg,20kg,,1156,16-2-10,Fertiliser,Granular,"Lawns and turf, Garden beds, Bedding and flowering plants, Vegetables and edible gardens, Trees and shrubs, Container and pot plants, Potting mix base fertiliser",Shrubs,Medium Shrub,,,,40g,,,,,,,,,,,,,,,,,,,,,,,,"Apply every 2–3 months or as required (more in summer, less in winter)",https://www.plantdoctor.com.au/roots-shoots-leaves-granular-fertiliser-16-2-10-np,Different rates for small/medium/large shrubs and trees; adjust to canopy size.,Spread evenly; water in lightly after application.
"Roots, Shoots & Leaves Granular Fertiliser",1kg,4.5kg,20kg,,1156,16-2-10,Fertiliser,Granular,"Lawns and turf, Garden beds, Bedding and flowering plants, Vegetables and edible gardens, Trees and shrubs, Container and pot plants, Potting mix base fertiliser",Shrubs,Large Shrub,,,,60g,,,,,,,,,,,,,,,,,,,,,,,,"Apply every 2–3 months or as required (more in summer, less in winter)",https://www.plantdoctor.com.au/roots-shoots-leaves-granular-fertiliser-16-2-10-np,Different rates for small/medium/large shrubs and trees; adjust to canopy size.,Spread evenly; water in lightly after application.
"Roots, Shoots & Leaves Granular Fertiliser",1kg,4.5kg,20kg,,1156,16-2-10,Fertiliser,Granular,"Lawns and turf, Garden beds, Bedding and flowering plants, Vegetables and edible gardens, Trees and shrubs, Container and pot plants, Potting mix base fertiliser",Bedding Plants,Roses,,,,,,,,70g,,,,,,,,,,,,,,,,,,,,"Apply every 2–3 months or as required (more in summer, less in winter)",https://www.plantdoctor.com.au/roots-shoots-leaves-granular-fertiliser-16-2-10-np,Higher rates recommended for dense flowers/foliage.,Spread evenly; water in lightly after application.
"Roots, Shoots & Leaves Granular Fertiliser",1kg,4.5kg,20kg,,1156,16-2-10,Fertiliser,Granular,"Lawns and turf, Garden beds, Bedding and flowering plants, Vegetables and edible gardens, Trees and shrubs, Container and pot plants, Potting mix base fertiliser",Bedding Plants,Strawberries,,,,,,,,20g,,,,,,,,,,,,,,,,,,,,"Apply every 2–3 months or as required (more in summer, less in winter)",https://www.plantdoctor.com.au/roots-shoots-leaves-granular-fertiliser-16-2-10-np,Higher rates recommended for dense flowers/foliage.,Spread evenly; water in lightly after application.
"Roots, Shoots & Leaves Granular Fertiliser",1kg,4.5kg,20kg,,1156,16-2-10,Fertiliser,Granular,"Lawns and turf, Garden beds, Bedding and flowering plants, Vegetables and edible gardens, Trees and shrubs, Container and pot plants, Potting mix base fertiliser",Bedding Plants,Vegetables,,,,,,,,40g,,,,,,,,,,,,,,,,,,,,"Apply every 2–3 months or as required (more in summer, less in winter)",https://www.plantdoctor.com.au/roots-shoots-leaves-granular-fertiliser-16-2-10-np,Balanced nutrition supports leafy and fruiting stages.,Spread evenly; water in lightly after application.
"Roots, Shoots & Leaves Granular Fertiliser",1kg,4.5kg,20kg,,1156,16-2-10,Fertiliser,Granular,"Lawns and turf, Garden beds, Bedding and flowering plants, Vegetables and edible gardens, Trees and shrubs, Container and pot plants, Potting mix base fertiliser",Bedding Plants,Carnations,,,,,,,,4g,,,,,,,,,,,,,,,,,,,,"Apply every 2–3 months or as required (more in summer, less in winter)",https://www.plantdoctor.com.au/roots-shoots-leaves-granular-fertiliser-16-2-10-np,Higher rates recommended for dense flowers/foliage.,Spread evenly; water in lightly after application.
Fulvic Acid Liquid - Powerful Bio Stimulant,1L,4L,10L,,414,,Soil Amendmenet,Liquid,"All plant types, including lawns, gardens, vegetables, fruits, trees, hydroponics, broadacre crops and ornamentals",Hydroponics,General,180:100,145mL,200mL,,,,,,,,,,,,,,,,,,,,,,,,,Weekly or fortnightly as required,https://www.plantdoctor.com.au/fulvic-acid-liquid-a-powerful-bio-stimulant,"Fulvic acid chelates soil nutrients and improves uptake, root growth and plant stress resistance. Compatible with most fertilisers, soil conditioners, foliar sprays and hydroponic systems; always jar test before mixing. Can be used at any time of the year on all soil types which grow plants; turf, lawns, golf greens, all home garden plants, sandy and clay soils, pot plants, vegetables, and fruit trees.","Hydroponics: 1800 mL/1000 L water. Foliar (turf): 1450 – 2000 mL/1000 L water, sprayed until run off. Broadacre: 3900 mL/1000 L per hectare. Home garden: 15 mL per watering can mixed with water. Apply weekly or fortnightly as required."
Fulvic Acid Liquid - Powerful Bio Stimulant,1L,4L,10L,,414,,Soil Amendmenet,Liquid,"All plant types, including lawns, gardens, vegetables, fruits, trees, hydroponics, broadacre crops and ornamentals",Grass,Foliar,145:100,,,,,,,,,,,,,,11.6mL,14.5mL,,,,,,,,,,,,Calculation is assuming typical water volume of 8-10L per 100 m².  Apply weekly or fortnightly as required.,https://www.plantdoctor.com.au/fulvic-acid-liquid-a-powerful-bio-stimulant,"Fulvic acid chelates soil nutrients and improves uptake, root growth and plant stress resistance. Compatible with most fertilisers, soil conditioners, foliar sprays and hydroponic systems; always jar test before mixing. Can be used at any time of the year on all soil types which grow plants; turf, lawns, golf greens, all home garden plants, sandy and clay soils, pot plants, vegetables, and fruit trees.","Hydroponics: 1800 mL/1000 L water. Foliar (turf): 1450 – 2000 mL/1000 L water, sprayed until run off. Broadacre: 3900 mL/1000 L per hectare. Home garden: 15 mL per watering can mixed with water. Apply weekly or fortnightly as required."
Fulvic Acid Liquid - Powerful Bio Stimulant,1L,4L,10L,,414,,Soil Amendmenet,Liquid,"All plant types, including lawns, gardens, vegetables, fruits, trees, hydroponics, broadacre crops and ornamentals",Vineyard,Foliar,2:1,,,,,,,,,,,,,,20mL,30mL,,,,,,,,,,,,Calculation is assuming typical water volume of 10-15L per 100 m². Apply weekly or fortnightly as required,https://www.plantdoctor.com.au/fulvic-acid-liquid-a-powerful-bio-stimulant,"Fulvic acid chelates soil nutrients and improves uptake, root growth and plant stress resistance. Compatible with most fertilisers, soil conditioners, foliar sprays and hydroponic systems; always jar test before mixing. Can be used at any time of the year on all soil types which grow plants; turf, lawns, golf greens, all home garden plants, sandy and clay soils, pot plants, vegetables, and fruit trees.","Hydroponics: 1800 mL/1000 L water. Foliar (turf): 1450 – 2000 mL/1000 L water, sprayed until run off. Broadacre: 3900 mL/1000 L per hectare. Home garden: 15 mL per watering can mixed with water. Apply weekly or fortnightly as required."
Fulvic Acid Liquid - Powerful Bio Stimulant,1L,4L,10L,,414,,Soil Amendmenet,Liquid,"All plant types, including lawns, gardens, vegetables, fruits, trees, hydroponics, broadacre crops and ornamentals",Broadacre Crops,General,39:10,,,,,,,,,,,,,,,,,,3.9L,,,,,,,,,Calculation is assuming 1000L of water per hectare via boomspray. Apply weekly or fortnightly as required,https://www.plantdoctor.com.au/fulvic-acid-liquid-a-powerful-bio-stimulant,"Fulvic acid chelates soil nutrients and improves uptake, root growth and plant stress resistance. Compatible with most fertilisers, soil conditioners, foliar sprays and hydroponic systems; always jar test before mixing. Can be used at any time of the year on all soil types which grow plants; turf, lawns, golf greens, all home garden plants, sandy and clay soils, pot plants, vegetables, and fruit trees.","Hydroponics: 1800 mL/1000 L water. Foliar (turf): 1450 – 2000 mL/1000 L water, sprayed until run off. Broadacre: 3900 mL/1000 L per hectare. Home garden: 15 mL per watering can mixed with water. Apply weekly or fortnightly as required."
Fulvic Acid Liquid - Powerful Bio Stimulant,1L,4L,10L,,414,,Soil Amendmenet,Liquid,"All plant types, including lawns, gardens, vegetables, fruits, trees, hydroponics, broadacre crops and ornamentals",Home Garden,General,,,,,,,,,,,,,,,,,,,,,,,15mL,,,,,Weekly or fortnightly as required,https://www.plantdoctor.com.au/fulvic-acid-liquid-a-powerful-bio-stimulant,"Fulvic acid chelates soil nutrients and improves uptake, root growth and plant stress resistance. Compatible with most fertilisers, soil conditioners, foliar sprays and hydroponic systems; always jar test before mixing. Can be used at any time of the year on all soil types which grow plants; turf, lawns, golf greens, all home garden plants, sandy and clay soils, pot plants, vegetables, and fruit trees.","Hydroponics: 1800 mL/1000 L water. Foliar (turf): 1450 – 2000 mL/1000 L water, sprayed until run off. Broadacre: 3900 mL/1000 L per hectare. Home garden: 15 mL per watering can mixed with water. Apply weekly or fortnightly as required."
Gypsum Granules 1–2 mm Mini Prill,20kg,,,,1075,,Soil Amendmenet,Granular,"Lawns, gardens, trees/shrubs, broadacre soil amelioration, landscape areas",,,,,,,,,,,,,,,10kg,,,,1000kg,,,,,,,,,,,One-off application or as required based on soil test and soil structure objectives; repeat annually or at soil review intervals.,https://www.plantdoctor.com.au/gypsum-granules-1-2mm-mini-prill,"Provides slow-release calcium sulphate to improve soil structure, reduce compaction, and enhance nutrient availability.
Ideal for clay soils, compacted sites, lawns, garden beds, landscapes, and larger soil amelioration projects.
 Best used in conjunction with soil analysis and balanced nutrition plan.","Not diluted — broadcast spread evenly and, if possible, lightly irrigate or water in to aid soil penetration."
Humate / Humic Acid (45–50%) Granules (2–4 mm) – Certified Organic,1kg,4.5kg,20kg,,513,,Soil Amendmenet,Granular,"Lawn/turf, gardens & ornamentals, vegetables, fruit trees & vines, cereals, broadacre crops",Grass,"Buffalo, Couch, Kikuyu, Zoysia",,,,,,,,,,,,,2kg,5kg,,,200kg,500kg,,,,,,,,,,Apply approximately every 3 months or as required.,https://www.plantdoctor.com.au/humate-humic-acid-45-50-granules-2-4mm-cert.-organ,"Humate granules improve soil structure, chelate nutrients, stimulate microbial activity, and support root growth. Suitable for all soil types and crops; work alongside fertilisers.","Do not dilute with water — broadcast spread or side dress into soil, then water in. Use with fertiliser or at planting, pre‑seeding and side dress."
Humate / Humic Acid (45–50%) Granules (2–4 mm) – Certified Organic,1kg,4.5kg,20kg,,513,,Soil Amendmenet,Granular,"Lawn/turf, gardens & ornamentals, vegetables, fruit trees & vines, cereals, broadacre crops",Home Garden,General,,,,,,,,,,,,,2kg,5kg,,,,,,,,,,,,,,Apply approximately every 3 months or as required.,https://www.plantdoctor.com.au/humate-humic-acid-45-50-granules-2-4mm-cert.-organ,"For individual pots can apply at roughly one handful per pot. Humate granules improve soil structure, chelate nutrients, stimulate microbial activity, and support root growth. Suitable for all soil types and crops; work alongside fertilisers.","Do not dilute with water — broadcast spread or side dress into soil, then water in. Use with fertiliser or at planting, pre‑seeding and side dress."
Humate / Humic Acid (45–50%) Granules (2–4 mm) – Certified Organic,1kg,4.5kg,20kg,,513,,Soil Amendmenet,Granular,"Lawn/turf, gardens & ornamentals, vegetables, fruit trees & vines, cereals, broadacre crops",Potting Mix,General,2.5-10%,,,,,20g,80g,,,,20kg,80kg,,,,,,,,,,,,,,,,Apply approximately every 3 months or as required.,https://www.plantdoctor.com.au/humate-humic-acid-45-50-granules-2-4mm-cert.-organ," Humate granules improve soil structure, chelate nutrients, stimulate microbial activity, and support root growth. Suitable for all soil types and crops; work alongside fertilisers.","Do not dilute with water — broadcast spread or side dress into soil, then water in. Use with fertiliser or at planting, pre‑seeding and side dress."
Humate / Humic Acid (45–50%) Granules (2–4 mm) – Certified Organic,1kg,4.5kg,20kg,,513,,Soil Amendmenet,Granular,"Lawn/turf, gardens & ornamentals, vegetables, fruit trees & vines, cereals, broadacre crops",Bedding Plants,Vegetables,,,,,,,,,,,,,1.25kg,3.75kg,,,125kg,375kg,,,,,,,,,,Apply approximately every 3 months or as required.,https://www.plantdoctor.com.au/humate-humic-acid-45-50-granules-2-4mm-cert.-organ," Humate granules improve soil structure, chelate nutrients, stimulate microbial activity, and support root growth. Suitable for all soil types and crops; work alongside fertilisers.","Do not dilute with water — broadcast spread or side dress into soil, then water in. Use with fertiliser or at planting, pre‑seeding and side dress."
Humate / Humic Acid (45–50%) Granules (2–4 mm) – Certified Organic,1kg,4.5kg,20kg,,513,,Soil Amendmenet,Granular,"Lawn/turf, gardens & ornamentals, vegetables, fruit trees & vines, cereals, broadacre crops",Trees,Fruit Trees (2nd Year),,,,,,,,,,,,,3.75kg,5kg,,,375kg,500kg,,,,,,,,,,Apply approximately every 3 months or as required.,https://www.plantdoctor.com.au/humate-humic-acid-45-50-granules-2-4mm-cert.-organ," Humate granules improve soil structure, chelate nutrients, stimulate microbial activity, and support root growth. Suitable for all soil types and crops; work alongside fertilisers.","Do not dilute with water — broadcast spread or side dress into soil, then water in. Use with fertiliser or at planting, pre‑seeding and side dress."
Humate / Humic Acid (45–50%) Granules (2–4 mm) – Certified Organic,1kg,4.5kg,20kg,,513,,Soil Amendmenet,Granular,"Lawn/turf, gardens & ornamentals, vegetables, fruit trees & vines, cereals, broadacre crops",Broadacre Crops,Cereals,,,,,,,,,,,,,2kg,3.75kg,,,200kg,375kg,,,,,,,,,,Apply approximately every 3 months or as required.,https://www.plantdoctor.com.au/humate-humic-acid-45-50-granules-2-4mm-cert.-organ," Humate granules improve soil structure, chelate nutrients, stimulate microbial activity, and support root growth. Suitable for all soil types and crops; work alongside fertilisers.","Do not dilute with water — broadcast spread or side dress into soil, then water in. Use with fertiliser or at planting, pre‑seeding and side dress."
Humate / Humic Acid (45–50%) Granules (2–4 mm) – Certified Organic,1kg,4.5kg,20kg,,513,,Soil Amendmenet,Granular,"Lawn/turf, gardens & ornamentals, vegetables, fruit trees & vines, cereals, broadacre crops",Broadacre Crops,General,,,,,,,,,,,,,2kg,5kg,,,200kg,500kg,,,,,,,,,,Apply approximately every 3 months or as required.,https://www.plantdoctor.com.au/humate-humic-acid-45-50-granules-2-4mm-cert.-organ," Humate granules improve soil structure, chelate nutrients, stimulate microbial activity, and support root growth. Suitable for all soil types and crops; work alongside fertilisers.","Do not dilute with water — broadcast spread or side dress into soil, then water in. Use with fertiliser or at planting, pre‑seeding and side dress."
Nature’s Soil Wetter – Granular Wetting Agent,1kg,4.5kg,20kg,,664,,Soil Amendmenet,Granular,"Lawns & turf, gardens & ornamentals, vegetables, fruit trees, crops & pasture, natives",Potting Mix,Propogations and Plug Mixes,,,,,,,,,,,0.3kg,,,,,,,,,,,,,,,,,,https://www.plantdoctor.com.au/Plant-Doctor-Natures-Soil-Wetter-Natural-GRANULAR-wetting-agent,"Improves soil water infiltration, retention and uniform distribution in hydrophobic, compacted or nutrient‑poor soils.
Suitable for lawns, gardens, potting mixes, crops, pastures, fruit trees, natives and landscape soil conditioning.
Can also be used for soil detoxification, microbe stimulation and sodium management.",No dilution; evenly broadcast on soil or top‑dress under mulch and irrigate light to activate.
Nature’s Soil Wetter – Granular Wetting Agent,1kg,4.5kg,20kg,,664,,Soil Amendmenet,Granular,"Lawns & turf, gardens & ornamentals, vegetables, fruit trees, crops & pasture, natives",Potting Mix,General,,,,,,,,,,,0.75kg,,,,,,,,,,,,,,,,,,https://www.plantdoctor.com.au/Plant-Doctor-Natures-Soil-Wetter-Natural-GRANULAR-wetting-agent,"Improves soil water infiltration, retention and uniform distribution in hydrophobic, compacted or nutrient‑poor soils.
Suitable for lawns, gardens, potting mixes, crops, pastures, fruit trees, natives and landscape soil conditioning.
Can also be used for soil detoxification, microbe stimulation and sodium management.",No dilution; evenly broadcast on soil or top‑dress under mulch and irrigate light to activate.
Nature’s Soil Wetter – Granular Wetting Agent,1kg,4.5kg,20kg,,664,,Soil Amendmenet,Granular,"Lawns & turf, gardens & ornamentals, vegetables, fruit trees, crops & pasture, natives",Potting Mix,Coco Fibre Mixes,,,,,,,,,,,0.5kg,,,,,,,,,,,,,,,,,,https://www.plantdoctor.com.au/Plant-Doctor-Natures-Soil-Wetter-Natural-GRANULAR-wetting-agent,"Improves soil water infiltration, retention and uniform distribution in hydrophobic, compacted or nutrient‑poor soils.
Suitable for lawns, gardens, potting mixes, crops, pastures, fruit trees, natives and landscape soil conditioning.
Can also be used for soil detoxification, microbe stimulation and sodium management.",No dilution; evenly broadcast on soil or top‑dress under mulch and irrigate light to activate.
Nature’s Soil Wetter – Granular Wetting Agent,1kg,4.5kg,20kg,,664,,Soil Amendmenet,Granular,"Lawns & turf, gardens & ornamentals, vegetables, fruit trees, crops & pasture, natives",Potting Mix,Bark Mixes,,,,,,,,,,,0.75kg,,,,,,,,,,,,,,,,,,https://www.plantdoctor.com.au/Plant-Doctor-Natures-Soil-Wetter-Natural-GRANULAR-wetting-agent,"Improves soil water infiltration, retention and uniform distribution in hydrophobic, compacted or nutrient‑poor soils.
Suitable for lawns, gardens, potting mixes, crops, pastures, fruit trees, natives and landscape soil conditioning.
Can also be used for soil detoxification, microbe stimulation and sodium management.",No dilution; evenly broadcast on soil or top‑dress under mulch and irrigate light to activate.
Nature’s Soil Wetter – Granular Wetting Agent,1kg,4.5kg,20kg,,664,,Soil Amendmenet,Granular,"Lawns & turf, gardens & ornamentals, vegetables, fruit trees, crops & pasture, natives",Potting Mix,Peat Mixes,,,,,,,,,,,1kg,,,,,,,,,,,,,,,,,,https://www.plantdoctor.com.au/Plant-Doctor-Natures-Soil-Wetter-Natural-GRANULAR-wetting-agent,"Improves soil water infiltration, retention and uniform distribution in hydrophobic, compacted or nutrient‑poor soils.
Suitable for lawns, gardens, potting mixes, crops, pastures, fruit trees, natives and landscape soil conditioning.
Can also be used for soil detoxification, microbe stimulation and sodium management.",No dilution; evenly broadcast on soil or top‑dress under mulch and irrigate light to activate.
Nature’s Soil Wetter – Granular Wetting Agent,1kg,4.5kg,20kg,,664,,Soil Amendmenet,Granular,"Lawns & turf, gardens & ornamentals, vegetables, fruit trees, crops & pasture, natives",Potting Mix,Top Dress (Coco Fibre),,,,,,0.5g,,,,,,,,,,,,,,,,,,,,,,,https://www.plantdoctor.com.au/Plant-Doctor-Natures-Soil-Wetter-Natural-GRANULAR-wetting-agent,"Improves soil water infiltration, retention and uniform distribution in hydrophobic, compacted or nutrient‑poor soils.
Suitable for lawns, gardens, potting mixes, crops, pastures, fruit trees, natives and landscape soil conditioning.
Can also be used for soil detoxification, microbe stimulation and sodium management.",No dilution; evenly broadcast on soil or top‑dress under mulch and irrigate light to activate.
Nature’s Soil Wetter – Granular Wetting Agent,1kg,4.5kg,20kg,,664,,Soil Amendmenet,Granular,"Lawns & turf, gardens & ornamentals, vegetables, fruit trees, crops & pasture, natives",Potting Mix,Top Dress (Other Mixes),,,,,,1g,,,,,,,,,,,,,,,,,,,,,,,https://www.plantdoctor.com.au/Plant-Doctor-Natures-Soil-Wetter-Natural-GRANULAR-wetting-agent,"Improves soil water infiltration, retention and uniform distribution in hydrophobic, compacted or nutrient‑poor soils.
Suitable for lawns, gardens, potting mixes, crops, pastures, fruit trees, natives and landscape soil conditioning.
Can also be used for soil detoxification, microbe stimulation and sodium management.",No dilution; evenly broadcast on soil or top‑dress under mulch and irrigate light to activate.
Nature’s Soil Wetter – Granular Wetting Agent,1kg,4.5kg,20kg,,664,,Soil Amendmenet,Granular,"Lawns & turf, gardens & ornamentals, vegetables, fruit trees, crops & pasture, natives",Grass,Greens & Tees,,,,,,,,,,,,,1.5kg,,,,,,,,,,,,,,,Apply every 1-2 months,https://www.plantdoctor.com.au/Plant-Doctor-Natures-Soil-Wetter-Natural-GRANULAR-wetting-agent,"Improves soil water infiltration, retention and uniform distribution in hydrophobic, compacted or nutrient‑poor soils.
Suitable for lawns, gardens, potting mixes, crops, pastures, fruit trees, natives and landscape soil conditioning.
Can also be used for soil detoxification, microbe stimulation and sodium management.",No dilution; evenly broadcast on soil or top‑dress under mulch and irrigate light to activate.
Nature’s Soil Wetter – Granular Wetting Agent,1kg,4.5kg,20kg,,664,,Soil Amendmenet,Granular,"Lawns & turf, gardens & ornamentals, vegetables, fruit trees, crops & pasture, natives",Grass,"Buffalo, Couch, Kikuyu, Zoysia",,,,,,,,,,,,,1.5kg,,,,,,,,,,,,,,,Apply every 1-2 months,https://www.plantdoctor.com.au/Plant-Doctor-Natures-Soil-Wetter-Natural-GRANULAR-wetting-agent,"Improves soil water infiltration, retention and uniform distribution in hydrophobic, compacted or nutrient‑poor soils.
Suitable for lawns, gardens, potting mixes, crops, pastures, fruit trees, natives and landscape soil conditioning.
Can also be used for soil detoxification, microbe stimulation and sodium management.",No dilution; evenly broadcast on soil or top‑dress under mulch and irrigate light to activate.
Nature’s Soil Wetter – Granular Wetting Agent,1kg,4.5kg,20kg,,664,,Soil Amendmenet,Granular,"Lawns & turf, gardens & ornamentals, vegetables, fruit trees, crops & pasture, natives",Grass,Fairways & Sports Fields,,,,,,,,,,,,,2kg,,,,,,,,,,,,,,,Apply every 2 - 3 months,https://www.plantdoctor.com.au/Plant-Doctor-Natures-Soil-Wetter-Natural-GRANULAR-wetting-agent,"Improves soil water infiltration, retention and uniform distribution in hydrophobic, compacted or nutrient‑poor soils.
Suitable for lawns, gardens, potting mixes, crops, pastures, fruit trees, natives and landscape soil conditioning.
Can also be used for soil detoxification, microbe stimulation and sodium management.",No dilution; evenly broadcast on soil or top‑dress under mulch and irrigate light to activate.
Nature’s Soil Wetter – Granular Wetting Agent,1kg,4.5kg,20kg,,664,,Soil Amendmenet,Granular,"Lawns & turf, gardens & ornamentals, vegetables, fruit trees, crops & pasture, natives",Grass,Parks & Reserves,,,,,,,,,,,,,1.5kg,2kg,,,,,,,,,,,,,,Apply every 3 months,https://www.plantdoctor.com.au/Plant-Doctor-Natures-Soil-Wetter-Natural-GRANULAR-wetting-agent,"Improves soil water infiltration, retention and uniform distribution in hydrophobic, compacted or nutrient‑poor soils.
Suitable for lawns, gardens, potting mixes, crops, pastures, fruit trees, natives and landscape soil conditioning.
Can also be used for soil detoxification, microbe stimulation and sodium management.",No dilution; evenly broadcast on soil or top‑dress under mulch and irrigate light to activate.
Nature’s Soil Wetter – Granular Wetting Agent,1kg,4.5kg,20kg,,664,,Soil Amendmenet,Granular,"Lawns & turf, gardens & ornamentals, vegetables, fruit trees, crops & pasture, natives",Grass,Garden Areas,,,,,,,,,,,,,1.5kg,2kg,,,,,,,,,,,,,,Apply every 3 - 6  months,https://www.plantdoctor.com.au/Plant-Doctor-Natures-Soil-Wetter-Natural-GRANULAR-wetting-agent,"Improves soil water infiltration, retention and uniform distribution in hydrophobic, compacted or nutrient‑poor soils.
Suitable for lawns, gardens, potting mixes, crops, pastures, fruit trees, natives and landscape soil conditioning.
Can also be used for soil detoxification, microbe stimulation and sodium management.",No dilution; evenly broadcast on soil or top‑dress under mulch and irrigate light to activate.
Nature’s Soil Wetter – Granular Wetting Agent,1kg,4.5kg,20kg,,664,,Soil Amendmenet,Granular,"Lawns & turf, gardens & ornamentals, vegetables, fruit trees, crops & pasture, natives",Broadacre Crops,General,,,,,,,,,,,,,1.5kg,,,,,,,,,,,,,,,Apply every 1-2 months,https://www.plantdoctor.com.au/Plant-Doctor-Natures-Soil-Wetter-Natural-GRANULAR-wetting-agent,"Improves soil water infiltration, retention and uniform distribution in hydrophobic, compacted or nutrient‑poor soils.
Suitable for lawns, gardens, potting mixes, crops, pastures, fruit trees, natives and landscape soil conditioning.
Can also be used for soil detoxification, microbe stimulation and sodium management.",No dilution; evenly broadcast on soil or top‑dress under mulch and irrigate light to activate.
Nature’s Soil Wetter – Granular Wetting Agent,1kg,4.5kg,20kg,,664,,Soil Amendmenet,Granular,"Lawns & turf, gardens & ornamentals, vegetables, fruit trees, crops & pasture, natives",Grass,Pasture,,,,,,,,,,,,,2kg,,,,,,,,,,,,,,,Apply every 2-3 Months,https://www.plantdoctor.com.au/Plant-Doctor-Natures-Soil-Wetter-Natural-GRANULAR-wetting-agent,"Improves soil water infiltration, retention and uniform distribution in hydrophobic, compacted or nutrient‑poor soils.
Suitable for lawns, gardens, potting mixes, crops, pastures, fruit trees, natives and landscape soil conditioning.
Can also be used for soil detoxification, microbe stimulation and sodium management.",No dilution; evenly broadcast on soil or top‑dress under mulch and irrigate light to activate.
Nature’s Soil Wetter – Granular Wetting Agent,1kg,4.5kg,20kg,,664,,Soil Amendmenet,Granular,"Lawns & turf, gardens & ornamentals, vegetables, fruit trees, crops & pasture, natives",Bedding Plants,Vegetables,,,,,,,,,,,,,2kg,,,,,,,,,,,,,,,Apply every 2-3 Months,https://www.plantdoctor.com.au/Plant-Doctor-Natures-Soil-Wetter-Natural-GRANULAR-wetting-agent,"Improves soil water infiltration, retention and uniform distribution in hydrophobic, compacted or nutrient‑poor soils.
Suitable for lawns, gardens, potting mixes, crops, pastures, fruit trees, natives and landscape soil conditioning.
Can also be used for soil detoxification, microbe stimulation and sodium management.",No dilution; evenly broadcast on soil or top‑dress under mulch and irrigate light to activate.
Nature’s Soil Wetter – Granular Wetting Agent,1kg,4.5kg,20kg,,664,,Soil Amendmenet,Granular,"Lawns & turf, gardens & ornamentals, vegetables, fruit trees, crops & pasture, natives",Trees,Fruit Trees (2nd Year),,,,,,,,,,,,,1.5kg,2kg,,,,,,,,,,,,,,Apply every 3 months,https://www.plantdoctor.com.au/Plant-Doctor-Natures-Soil-Wetter-Natural-GRANULAR-wetting-agent,"Improves soil water infiltration, retention and uniform distribution in hydrophobic, compacted or nutrient‑poor soils.
Suitable for lawns, gardens, potting mixes, crops, pastures, fruit trees, natives and landscape soil conditioning.
Can also be used for soil detoxification, microbe stimulation and sodium management.",No dilution; evenly broadcast on soil or top‑dress under mulch and irrigate light to activate.
Nature’s Soil Wetter – Granular Wetting Agent,1kg,4.5kg,20kg,,664,,Soil Amendmenet,Granular,"Lawns & turf, gardens & ornamentals, vegetables, fruit trees, crops & pasture, natives",Bedding Plants,Natives,,,,,,,,,,,,,1.5kg,2kg,,,,,,,,,,,,,,Apply every 3 - 6 months,https://www.plantdoctor.com.au/Plant-Doctor-Natures-Soil-Wetter-Natural-GRANULAR-wetting-agent,"Improves soil water infiltration, retention and uniform distribution in hydrophobic, compacted or nutrient‑poor soils.
Suitable for lawns, gardens, potting mixes, crops, pastures, fruit trees, natives and landscape soil conditioning.
Can also be used for soil detoxification, microbe stimulation and sodium management.",No dilution; evenly broadcast on soil or top‑dress under mulch and irrigate light to activate.
Nature’s Soil Wetter – Granular Wetting Agent,1kg,4.5kg,20kg,,664,,Soil Amendmenet,Granular,"Lawns & turf, gardens & ornamentals, vegetables, fruit trees, crops & pasture, natives",Specialised Applications,Beneficial Microbe Stimulation,,,,,,,,,,,,,1.5kg,,,,,,,,,,,,,,,Apply every 1-2 months,https://www.plantdoctor.com.au/Plant-Doctor-Natures-Soil-Wetter-Natural-GRANULAR-wetting-agent,"Improves soil water infiltration, retention and uniform distribution in hydrophobic, compacted or nutrient‑poor soils.
Suitable for lawns, gardens, potting mixes, crops, pastures, fruit trees, natives and landscape soil conditioning.
Can also be used for soil detoxification, microbe stimulation and sodium management.",No dilution; evenly broadcast on soil or top‑dress under mulch and irrigate light to activate.
Nature’s Soil Wetter – Granular Wetting Agent,1kg,4.5kg,20kg,,664,,Soil Amendmenet,Granular,"Lawns & turf, gardens & ornamentals, vegetables, fruit trees, crops & pasture, natives",Specialised Applications,Sodium Management,,,,,,,,,,,,,2kg,,,,,,,,,,,,,,,Apply every 2-3 Months,https://www.plantdoctor.com.au/Plant-Doctor-Natures-Soil-Wetter-Natural-GRANULAR-wetting-agent,"Improves soil water infiltration, retention and uniform distribution in hydrophobic, compacted or nutrient‑poor soils.
Suitable for lawns, gardens, potting mixes, crops, pastures, fruit trees, natives and landscape soil conditioning.
Can also be used for soil detoxification, microbe stimulation and sodium management.",No dilution; evenly broadcast on soil or top‑dress under mulch and irrigate light to activate.
Nature’s Soil Wetter – Granular Wetting Agent,1kg,4.5kg,20kg,,664,,Soil Amendmenet,Granular,"Lawns & turf, gardens & ornamentals, vegetables, fruit trees, crops & pasture, natives",Specialised Applications,Nitrogen Stabilisation,1:10,,,,,,,,,,,,,,,,,,,,,,,,,,,Add 10% Nature's soil wetter to nitrogen source i.e. 2kg per 20kg of Nitrogen,https://www.plantdoctor.com.au/Plant-Doctor-Natures-Soil-Wetter-Natural-GRANULAR-wetting-agent,"Improves soil water infiltration, retention and uniform distribution in hydrophobic, compacted or nutrient‑poor soils.
Suitable for lawns, gardens, potting mixes, crops, pastures, fruit trees, natives and landscape soil conditioning.
Can also be used for soil detoxification, microbe stimulation and sodium management.",No dilution; evenly broadcast on soil or top‑dress under mulch and irrigate light to activate.
Nature’s Soil Wetter – Granular Wetting Agent,1kg,4.5kg,20kg,,664,,Soil Amendmenet,Granular,"Lawns & turf, gardens & ornamentals, vegetables, fruit trees, crops & pasture, natives",Specialised Applications,Detoxification / Residues,,,,,,,,,,,,,1.5kg,2kg,,,,,,,,,,,,,,Apply every 3 months,https://www.plantdoctor.com.au/Plant-Doctor-Natures-Soil-Wetter-Natural-GRANULAR-wetting-agent,"Improves soil water infiltration, retention and uniform distribution in hydrophobic, compacted or nutrient‑poor soils.
Suitable for lawns, gardens, potting mixes, crops, pastures, fruit trees, natives and landscape soil conditioning.
Can also be used for soil detoxification, microbe stimulation and sodium management.",No dilution; evenly broadcast on soil or top‑dress under mulch and irrigate light to activate.
Nature’s Soil Wetter – Granular Wetting Agent,1kg,4.5kg,20kg,,664,,Soil Amendmenet,Granular,"Lawns & turf, gardens & ornamentals, vegetables, fruit trees, crops & pasture, natives",Specialised Applications,Correcting Soil pH (acid/alkaline),,,,,,,,,,,,,3kg,10kg,,,,,,,,,,,,,,Apply every 3 months,https://www.plantdoctor.com.au/Plant-Doctor-Natures-Soil-Wetter-Natural-GRANULAR-wetting-agent,"Improves soil water infiltration, retention and uniform distribution in hydrophobic, compacted or nutrient‑poor soils.
Suitable for lawns, gardens, potting mixes, crops, pastures, fruit trees, natives and landscape soil conditioning.
Can also be used for soil detoxification, microbe stimulation and sodium management.",No dilution; evenly broadcast on soil or top‑dress under mulch and irrigate light to activate.
Nature’s Soil Wetter Liquid – Super Concentrated,1L,4L,10L,,NSWL,,Soil Amendmenet,Liquid,"Lawns/turf, gardens & ornamentals, vegetables, fruit trees, natives, pots, broadacre soils and landscape sites (all plant types)",Grass,"Buffalo, Couch, Kikuyu, Zoysia",,,,,,,,,,,,,,,100mL,,,,,,,,,,,,,Apply every 2-4 weeks,https://www.plantdoctor.com.au/natures-soil-wetter-liquid-super-concentrated-plan,"Plant‑based wetting agent and soil conditioner that improves infiltration, water retention, and soil structure in dry or hydrophobic soils.
Safe for all plants including natives and edibles; compatible with most fertilisers (jar test recommended first).
Can be used as adjuvant with foliar/soil feeds to improve uptake and reduce water run‑off.",Dilute in water and spray evenly over soil/area; water in lightly after application to activate soil penetration. Tank or pump sprayer recommended for larger areas.
Nature’s Soil Wetter Liquid – Super Concentrated,1L,4L,10L,,NSWL,,Soil Amendmenet,Liquid,"Lawns/turf, gardens & ornamentals, vegetables, fruit trees, natives, pots, broadacre soils and landscape sites (all plant types)",Gardens,General,,,,,,,,,,,,,,,100mL,,,,,,,,,,,,,Apply every 2-4 weeks,https://www.plantdoctor.com.au/natures-soil-wetter-liquid-super-concentrated-plan,"Plant‑based wetting agent and soil conditioner that improves infiltration, water retention, and soil structure in dry or hydrophobic soils.
Safe for all plants including natives and edibles; compatible with most fertilisers (jar test recommended first).
Can be used as adjuvant with foliar/soil feeds to improve uptake and reduce water run‑off.",Dilute in water and spray evenly over soil/area; water in lightly after application to activate soil penetration. Tank or pump sprayer recommended for larger areas.
Nature’s Soil Wetter Liquid – Super Concentrated,1L,4L,10L,,NSWL,,Soil Amendmenet,Liquid,"Lawns/turf, gardens & ornamentals, vegetables, fruit trees, natives, pots, broadacre soils and landscape sites (all plant types)",Grass,Pasture/Turf,,,,,,,,,,,,,,,,,,,10L,,,,,,,,,Apply as needed,https://www.plantdoctor.com.au/natures-soil-wetter-liquid-super-concentrated-plan,"Plant‑based wetting agent and soil conditioner that improves infiltration, water retention, and soil structure in dry or hydrophobic soils.
Safe for all plants including natives and edibles; compatible with most fertilisers (jar test recommended first).
Can be used as adjuvant with foliar/soil feeds to improve uptake and reduce water run‑off.",Dilute in water and spray evenly over soil/area; water in lightly after application to activate soil penetration. Tank or pump sprayer recommended for larger areas.
Nature’s Soil Wetter Liquid – Super Concentrated,1L,4L,10L,,NSWL,,Soil Amendmenet,Liquid,"Lawns/turf, gardens & ornamentals, vegetables, fruit trees, natives, pots, broadacre soils and landscape sites (all plant types)",Grass,Golf Greens,,,,,,,,,,,,,,,100mL,,,,,,,,,,,,,Apply every 2-4 weeks,https://www.plantdoctor.com.au/natures-soil-wetter-liquid-super-concentrated-plan,"Plant‑based wetting agent and soil conditioner that improves infiltration, water retention, and soil structure in dry or hydrophobic soils.
Safe for all plants including natives and edibles; compatible with most fertilisers (jar test recommended first).
Can be used as adjuvant with foliar/soil feeds to improve uptake and reduce water run‑off.",Dilute in water and spray evenly over soil/area; water in lightly after application to activate soil penetration. Tank or pump sprayer recommended for larger areas.
Nature’s Soil Wetter Liquid – Super Concentrated,1L,4L,10L,,NSWL,,Soil Amendmenet,Liquid,"Lawns/turf, gardens & ornamentals, vegetables, fruit trees, natives, pots, broadacre soils and landscape sites (all plant types)",Grass,Fairways,,,,,,,,,,,,,,,50mL,75mL,,,,,,,,,,,,Apply monthly,https://www.plantdoctor.com.au/natures-soil-wetter-liquid-super-concentrated-plan,"Plant‑based wetting agent and soil conditioner that improves infiltration, water retention, and soil structure in dry or hydrophobic soils.
Safe for all plants including natives and edibles; compatible with most fertilisers (jar test recommended first).
Can be used as adjuvant with foliar/soil feeds to improve uptake and reduce water run‑off.",Dilute in water and spray evenly over soil/area; water in lightly after application to activate soil penetration. Tank or pump sprayer recommended for larger areas.
Nature’s Soil Wetter Liquid – Super Concentrated,1L,4L,10L,,NSWL,,Soil Amendmenet,Liquid,"Lawns/turf, gardens & ornamentals, vegetables, fruit trees, natives, pots, broadacre soils and landscape sites (all plant types)",Specialised Applications,Seed Treatment,,,,,,,,,,,,,,,,,,,,,,,,,,,,Soak seeds in 10mL per bucket of water overnight,https://www.plantdoctor.com.au/natures-soil-wetter-liquid-super-concentrated-plan,"Plant‑based wetting agent and soil conditioner that improves infiltration, water retention, and soil structure in dry or hydrophobic soils.
Safe for all plants including natives and edibles; compatible with most fertilisers (jar test recommended first).
Can be used as adjuvant with foliar/soil feeds to improve uptake and reduce water run‑off.",Dilute in water and spray evenly over soil/area; water in lightly after application to activate soil penetration. Tank or pump sprayer recommended for larger areas.
Nature’s Soil Wetter Liquid – Super Concentrated,1L,4L,10L,,NSWL,,Soil Amendmenet,Liquid,"Lawns/turf, gardens & ornamentals, vegetables, fruit trees, natives, pots, broadacre soils and landscape sites (all plant types)",Specialised Applications,Microbial Stimulation,,,,,,,,,,,,,,,,,,,20L,,,,,,,,,Apply every 8 weeks to enhance soil biology,https://www.plantdoctor.com.au/natures-soil-wetter-liquid-super-concentrated-plan,"Plant‑based wetting agent and soil conditioner that improves infiltration, water retention, and soil structure in dry or hydrophobic soils.
Safe for all plants including natives and edibles; compatible with most fertilisers (jar test recommended first).
Can be used as adjuvant with foliar/soil feeds to improve uptake and reduce water run‑off.",Dilute in water and spray evenly over soil/area; water in lightly after application to activate soil penetration. Tank or pump sprayer recommended for larger areas.
Nature’s Soil Wetter Liquid – Super Concentrated,1L,4L,10L,,NSWL,,Soil Amendmenet,Liquid,"Lawns/turf, gardens & ornamentals, vegetables, fruit trees, natives, pots, broadacre soils and landscape sites (all plant types)",Specialised Applications,Sodium Management,,,,,,,,,,,,,,,,,,,,,,,,,,,,Apply 1-2L every second irrigation for salt affected areas,https://www.plantdoctor.com.au/natures-soil-wetter-liquid-super-concentrated-plan,"Plant‑based wetting agent and soil conditioner that improves infiltration, water retention, and soil structure in dry or hydrophobic soils.
Safe for all plants including natives and edibles; compatible with most fertilisers (jar test recommended first).
Can be used as adjuvant with foliar/soil feeds to improve uptake and reduce water run‑off.",Dilute in water and spray evenly over soil/area; water in lightly after application to activate soil penetration. Tank or pump sprayer recommended for larger areas.
Nature’s Soil Wetter Liquid – Super Concentrated,1L,4L,10L,,NSWL,,Soil Amendmenet,Liquid,"Lawns/turf, gardens & ornamentals, vegetables, fruit trees, natives, pots, broadacre soils and landscape sites (all plant types)",Specialised Applications,Chemical Residue Detox,,,,,,,,,,,,,,,,,,,20L,,,,,,,,,Repeat 2 - 3 times to detox pesticide / herbicide load,https://www.plantdoctor.com.au/natures-soil-wetter-liquid-super-concentrated-plan,"Plant‑based wetting agent and soil conditioner that improves infiltration, water retention, and soil structure in dry or hydrophobic soils.
Safe for all plants including natives and edibles; compatible with most fertilisers (jar test recommended first).
Can be used as adjuvant with foliar/soil feeds to improve uptake and reduce water run‑off.",Dilute in water and spray evenly over soil/area; water in lightly after application to activate soil penetration. Tank or pump sprayer recommended for larger areas.
Nature’s Soil Wetter Liquid – Super Concentrated,1L,4L,10L,,NSWL,,Soil Amendmenet,Liquid,"Lawns/turf, gardens & ornamentals, vegetables, fruit trees, natives, pots, broadacre soils and landscape sites (all plant types)",Specialised Applications,Nitrogen Boosting,,,,,,,,,,,,,,,,,,,,,,,,,,,,Add 10% Nature’s Soil Wetter to nitrogen sources like urea or ammonium nitrate,https://www.plantdoctor.com.au/natures-soil-wetter-liquid-super-concentrated-plan,"Plant‑based wetting agent and soil conditioner that improves infiltration, water retention, and soil structure in dry or hydrophobic soils.
Safe for all plants including natives and edibles; compatible with most fertilisers (jar test recommended first).
Can be used as adjuvant with foliar/soil feeds to improve uptake and reduce water run‑off.",Dilute in water and spray evenly over soil/area; water in lightly after application to activate soil penetration. Tank or pump sprayer recommended for larger areas.
Nature’s Soil Wetter Liquid – Super Concentrated,1L,4L,10L,,NSWL,,Soil Amendmenet,Liquid,"Lawns/turf, gardens & ornamentals, vegetables, fruit trees, natives, pots, broadacre soils and landscape sites (all plant types)",Specialised Applications,Foliar Fertiliser Synergy,,,,,,,,,,,,,,,,,,,,,,,,,,,,Use as an adjuvant to improve foliar fertiliser uptake,https://www.plantdoctor.com.au/natures-soil-wetter-liquid-super-concentrated-plan,"Plant‑based wetting agent and soil conditioner that improves infiltration, water retention, and soil structure in dry or hydrophobic soils.
Safe for all plants including natives and edibles; compatible with most fertilisers (jar test recommended first).
Can be used as adjuvant with foliar/soil feeds to improve uptake and reduce water run‑off.",Dilute in water and spray evenly over soil/area; water in lightly after application to activate soil penetration. Tank or pump sprayer recommended for larger areas.
Humic Acid 80% (Humate) Powder – 99% Soluble,1kg,4.5kg,25kg,,526,,Soil Amendmenet,Powder,"Lawns/turf, gardens/ornamentals, vegetables, orchards & vineyards, broadacre crops, saline or problematic soils",Foliar,General,,,,,,,,8g,30g,,,,,,,,,,,,,,,,,,,Calculation is assuming typical water volume of 8-10L per 100 m².  Apply fortnightly. ,https://www.plantdoctor.com.au/plant-doctor-humic-acid-80-humate-powder-99-solubl,"Humic acid improves soil structure, nutrient uptake, microbial activity, and water retention.
Compatible with most fertilisers and crop inputs; always perform a jar test if mixing.
Effective for soil detoxification and enhancing fertiliser performance.","Mix powder fully in water; apply as foliar spray or soil drench, or add to fertigation/irrigation. Ensure complete dissolution before spraying."
Humic Acid 80% (Humate) Powder – 99% Soluble,1kg,4.5kg,25kg,,526,,Soil Amendmenet,Powder,"Lawns/turf, gardens/ornamentals, vegetables, orchards & vineyards, broadacre crops, saline or problematic soils",Soil / Fertigation,General,,,,,,,,50g,100g,,,,,,,,,,,,,,,,,,,Calculation is assuming typical water volume of 10L per 100 m².  Apply fortnightly. ,https://www.plantdoctor.com.au/plant-doctor-humic-acid-80-humate-powder-99-solubl,"Humic acid improves soil structure, nutrient uptake, microbial activity, and water retention.
Compatible with most fertilisers and crop inputs; always perform a jar test if mixing.
Effective for soil detoxification and enhancing fertiliser performance.","Mix powder fully in water; apply as foliar spray or soil drench, or add to fertigation/irrigation. Ensure complete dissolution before spraying."
Humic Acid 80% (Humate) Powder – 99% Soluble,1kg,4.5kg,25kg,,526,,Soil Amendmenet,Powder,"Lawns/turf, gardens/ornamentals, vegetables, orchards & vineyards, broadacre crops, saline or problematic soils",Specialised Applications,Salt Problems,,,,,,,,10g,30g,,,,,,,,,,,,,,,,,,,Calculation is assuming typical water volume of 10L per 100 m².  Apply fortnightly. ,https://www.plantdoctor.com.au/plant-doctor-humic-acid-80-humate-powder-99-solubl,"Humic acid improves soil structure, nutrient uptake, microbial activity, and water retention.
Compatible with most fertilisers and crop inputs; always perform a jar test if mixing.
Effective for soil detoxification and enhancing fertiliser performance.","Mix powder fully in water; apply as foliar spray or soil drench, or add to fertigation/irrigation. Ensure complete dissolution before spraying."
Humic Acid 80% (Humate) Powder – 99% Soluble,1kg,4.5kg,25kg,,526,,Soil Amendmenet,Powder,"Lawns/turf, gardens/ornamentals, vegetables, orchards & vineyards, broadacre crops, saline or problematic soils",Home Garden,General,,,,,,,,,,,,,,,,,,,,,,,,,10g,30g,,Apply weekly.  ,https://www.plantdoctor.com.au/plant-doctor-humic-acid-80-humate-powder-99-solubl,"Humic acid improves soil structure, nutrient uptake, microbial activity, and water retention.
Compatible with most fertilisers and crop inputs; always perform a jar test if mixing.
Effective for soil detoxification and enhancing fertiliser performance.","Mix powder fully in water; apply as foliar spray or soil drench, or add to fertigation/irrigation. Ensure complete dissolution before spraying."
Humic Acid 80% (Humate) Powder – 99% Soluble,1kg,4.5kg,25kg,,526,,Soil Amendmenet,Powder,"Lawns/turf, gardens/ornamentals, vegetables, orchards & vineyards, broadacre crops, saline or problematic soils",Home Garden,New Plants,,,,,,20g,,,,,,,,,,,,,,,,,,,,,, Apply weekly. ,https://www.plantdoctor.com.au/plant-doctor-humic-acid-80-humate-powder-99-solubl,"Humic acid improves soil structure, nutrient uptake, microbial activity, and water retention.
Compatible with most fertilisers and crop inputs; always perform a jar test if mixing.
Effective for soil detoxification and enhancing fertiliser performance.","Mix powder fully in water; apply as foliar spray or soil drench, or add to fertigation/irrigation. Ensure complete dissolution before spraying."
Quantum H Premium Humic Acid Solution,1L,4L,10L,,29800,,Soil Amendmenet,Liquid,"Lawns/turf, gardens & ornamentals, vegetables, orchards & vineyards, pastures, broadacre crops, irrigation systems",General,,,,,,,,,,,,,,,,100mL,,,,,,,,,,,,,Apply fortnightly or as required,https://www.plantdoctor.com.au/quantum-h-premium-humic-acid-solution,"Quantum H is a liquid humic and fulvic acid soil conditioner that improves soil structure, nutrient availability, water retention, and microbial activity.
Not compatible with iron‑based products — apply separately.
Suitable for irrigation systems (sprinkler/drip) with small applications integrated per irrigation.","Dilute in water and spray or drench soil; mix well before use, minimum 1:20 dilution with water. Suitable for soil drench, fertigation, sprinkler, or irrigation."
Quantum H Premium Humic Acid Solution,1L,4L,10L,,29800,,Soil Amendmenet,Liquid,"Lawns/turf, gardens & ornamentals, vegetables, orchards & vineyards, pastures, broadacre crops, irrigation systems",Broadacre Crops,General,,,,,,,,,,,,,,,,,,,6L,10L,,,,,,,,"Calculation based on enough water to provide thorough coverage or 1000 litres of water, reapplying 2-6 times during the growing season. It may be water run, side dressed, mixed with soil applied with liquid nutrients or sprayed directly on the soil.",https://www.plantdoctor.com.au/quantum-h-premium-humic-acid-solution,"Quantum H is a liquid humic and fulvic acid soil conditioner that improves soil structure, nutrient availability, water retention, and microbial activity.
Not compatible with iron‑based products — apply separately.
Suitable for irrigation systems (sprinkler/drip) with small applications integrated per irrigation.","Dilute in water and spray or drench soil; mix well before use, minimum 1:20 dilution with water. Suitable for soil drench, fertigation, sprinkler, or irrigation."
Quantum H Premium Humic Acid Solution,1L,4L,10L,,29800,,Soil Amendmenet,Liquid,"Lawns/turf, gardens & ornamentals, vegetables, orchards & vineyards, pastures, broadacre crops, irrigation systems",Broadacre Crops,Added with nutrients,,,,,,,,,,,,,,,,,,,2L,4L,,,,,,,,Add 2-4 litres of Quantum H per Hectare mixed with the liquid nutrients. Add to a partially filled tank. Include with every application.,https://www.plantdoctor.com.au/quantum-h-premium-humic-acid-solution,"Quantum H is a liquid humic and fulvic acid soil conditioner that improves soil structure, nutrient availability, water retention, and microbial activity.
Not compatible with iron‑based products — apply separately.
Suitable for irrigation systems (sprinkler/drip) with small applications integrated per irrigation.","Dilute in water and spray or drench soil; mix well before use, minimum 1:20 dilution with water. Suitable for soil drench, fertigation, sprinkler, or irrigation."
Quantum H Premium Humic Acid Solution,1L,4L,10L,,29800,,Soil Amendmenet,Liquid,"Lawns/turf, gardens & ornamentals, vegetables, orchards & vineyards, pastures, broadacre crops, irrigation systems",Sprinkler or Drip Irrigation,General,,,,,,,,,,,,,,,,,,,,,,,,,,,,Smaller amounts may be applied in every irrigation instead of only one application. Not corrosive to pipes or nozzles and will not plug them.,https://www.plantdoctor.com.au/quantum-h-premium-humic-acid-solution,"Quantum H is a liquid humic and fulvic acid soil conditioner that improves soil structure, nutrient availability, water retention, and microbial activity.
Not compatible with iron‑based products — apply separately.
Suitable for irrigation systems (sprinkler/drip) with small applications integrated per irrigation.","Dilute in water and spray or drench soil; mix well before use, minimum 1:20 dilution with water. Suitable for soil drench, fertigation, sprinkler, or irrigation."
Quantum H Premium Humic Acid Solution,1L,4L,10L,,29800,,Soil Amendmenet,Liquid,"Lawns/turf, gardens & ornamentals, vegetables, orchards & vineyards, pastures, broadacre crops, irrigation systems",Transplanting or Cutting,General,1:20,,,,,,,,,,,,,,,,,,,,,,,,,,,"Mix 4 litres of Quantum H per 750 litres of solution.
Mix well before use – Dilute in at least 1:20 in water.",https://www.plantdoctor.com.au/quantum-h-premium-humic-acid-solution,"Quantum H is a liquid humic and fulvic acid soil conditioner that improves soil structure, nutrient availability, water retention, and microbial activity.
Not compatible with iron‑based products — apply separately.
Suitable for irrigation systems (sprinkler/drip) with small applications integrated per irrigation.","Dilute in water and spray or drench soil; mix well before use, minimum 1:20 dilution with water. Suitable for soil drench, fertigation, sprinkler, or irrigation."
Quantum H Premium Humic Acid Solution,1L,4L,10L,,29800,,Soil Amendmenet,Liquid,"Lawns/turf, gardens & ornamentals, vegetables, orchards & vineyards, pastures, broadacre crops, irrigation systems",Fertigation,Vegetables,,,,,,,,,,,,,,,,,,,6L,10L,,,,,,,,Apply every 2 weeks or as required,https://www.plantdoctor.com.au/quantum-h-premium-humic-acid-solution,"Quantum H is a liquid humic and fulvic acid soil conditioner that improves soil structure, nutrient availability, water retention, and microbial activity.
Not compatible with iron‑based products — apply separately.
Suitable for irrigation systems (sprinkler/drip) with small applications integrated per irrigation.","Dilute in water and spray or drench soil; mix well before use, minimum 1:20 dilution with water. Suitable for soil drench, fertigation, sprinkler, or irrigation."
Quantum H Premium Humic Acid Solution,1L,4L,10L,,29800,,Soil Amendmenet,Liquid,"Lawns/turf, gardens & ornamentals, vegetables, orchards & vineyards, pastures, broadacre crops, irrigation systems",Fertigation,"Orchards, Vinyeards, Ornamentals & Turf",,,,,,,,,,,,,,,,,,,6L,10L,,,,,,,,Apply every 4 weeks or as required,https://www.plantdoctor.com.au/quantum-h-premium-humic-acid-solution,"Quantum H is a liquid humic and fulvic acid soil conditioner that improves soil structure, nutrient availability, water retention, and microbial activity.
Not compatible with iron‑based products — apply separately.
Suitable for irrigation systems (sprinkler/drip) with small applications integrated per irrigation.","Dilute in water and spray or drench soil; mix well before use, minimum 1:20 dilution with water. Suitable for soil drench, fertigation, sprinkler, or irrigation."
Quantum H Premium Humic Acid Solution,1L,4L,10L,,29800,,Soil Amendmenet,Liquid,"Lawns/turf, gardens & ornamentals, vegetables, orchards & vineyards, pastures, broadacre crops, irrigation systems",Agricultural Specific,Vegetables,,,,,,,,,,,,,,,600mL,,,,,3.5L,,,,,,,,Calculation based on 100L water spray volume. Apply every 2 weeks or as required,https://www.plantdoctor.com.au/quantum-h-premium-humic-acid-solution,"Quantum H is a liquid humic and fulvic acid soil conditioner that improves soil structure, nutrient availability, water retention, and microbial activity.
Not compatible with iron‑based products — apply separately.
Suitable for irrigation systems (sprinkler/drip) with small applications integrated per irrigation.","Dilute in water and spray or drench soil; mix well before use, minimum 1:20 dilution with water. Suitable for soil drench, fertigation, sprinkler, or irrigation."
Quantum H Premium Humic Acid Solution,1L,4L,10L,,29800,,Soil Amendmenet,Liquid,"Lawns/turf, gardens & ornamentals, vegetables, orchards & vineyards, pastures, broadacre crops, irrigation systems",Agricultural Specific,Orchards / Vineyards,,,,,,,,,,,,,,,600mL,,,,,5L,,,,,,,,Calcualtion based on 100L water spray volume. Apply every 4 weeks or as required,https://www.plantdoctor.com.au/quantum-h-premium-humic-acid-solution,"Quantum H is a liquid humic and fulvic acid soil conditioner that improves soil structure, nutrient availability, water retention, and microbial activity.
Not compatible with iron‑based products — apply separately.
Suitable for irrigation systems (sprinkler/drip) with small applications integrated per irrigation.","Dilute in water and spray or drench soil; mix well before use, minimum 1:20 dilution with water. Suitable for soil drench, fertigation, sprinkler, or irrigation."
Quantum H Premium Humic Acid Solution,1L,4L,10L,,29800,,Soil Amendmenet,Liquid,"Lawns/turf, gardens & ornamentals, vegetables, orchards & vineyards, pastures, broadacre crops, irrigation systems",Agricultural Specific,Ornamentals & Turf,,,,,,,,,,,,,,,600mL,,,,,3.5L,,,,,,,,Calculation based on 100L water spray volume. Apply every 4 weeks or as required,https://www.plantdoctor.com.au/quantum-h-premium-humic-acid-solution,"Quantum H is a liquid humic and fulvic acid soil conditioner that improves soil structure, nutrient availability, water retention, and microbial activity.
Not compatible with iron‑based products — apply separately.
Suitable for irrigation systems (sprinkler/drip) with small applications integrated per irrigation.","Dilute in water and spray or drench soil; mix well before use, minimum 1:20 dilution with water. Suitable for soil drench, fertigation, sprinkler, or irrigation."
Quantum H Premium Humic Acid Solution,1L,4L,10L,,29800,,Soil Amendmenet,Liquid,"Lawns/turf, gardens & ornamentals, vegetables, orchards & vineyards, pastures, broadacre crops, irrigation systems",Agricultural Specific,Pasture,,,,,,,,,,,,,,,10mL,30mL,,,1L,3L,,,,,,,,Calculation based on 60-100L water spray volume. Apply every 4 weeks or as required,https://www.plantdoctor.com.au/quantum-h-premium-humic-acid-solution,"Quantum H is a liquid humic and fulvic acid soil conditioner that improves soil structure, nutrient availability, water retention, and microbial activity.
Not compatible with iron‑based products — apply separately.
Suitable for irrigation systems (sprinkler/drip) with small applications integrated per irrigation.","Dilute in water and spray or drench soil; mix well before use, minimum 1:20 dilution with water. Suitable for soil drench, fertigation, sprinkler, or irrigation."
Quantum H Premium Humic Acid Solution,1L,4L,10L,,29800,,Soil Amendmenet,Liquid,"Lawns/turf, gardens & ornamentals, vegetables, orchards & vineyards, pastures, broadacre crops, irrigation systems",Agricultural Specific,Broadcare Crops,,,,,,,,,,,,,,,6mL,20mL,,,0.6L,2L,,,,,,,,Calculation based on 60-100L water spray volume depending on canopy closure. Apply as required.,https://www.plantdoctor.com.au/quantum-h-premium-humic-acid-solution,"Quantum H is a liquid humic and fulvic acid soil conditioner that improves soil structure, nutrient availability, water retention, and microbial activity.
Not compatible with iron‑based products — apply separately.
Suitable for irrigation systems (sprinkler/drip) with small applications integrated per irrigation.","Dilute in water and spray or drench soil; mix well before use, minimum 1:20 dilution with water. Suitable for soil drench, fertigation, sprinkler, or irrigation."
Quantum H Premium Humic Acid Solution,1L,4L,10L,,29800,,Soil Amendmenet,Liquid,"Lawns/turf, gardens & ornamentals, vegetables, orchards & vineyards, pastures, broadacre crops, irrigation systems",Agricultural Specific,Spot Spraying,,,,,,,,,,,,,,,,,,,,,,,,,35mL,,,Apply as requried. ,https://www.plantdoctor.com.au/quantum-h-premium-humic-acid-solution,"Quantum H is a liquid humic and fulvic acid soil conditioner that improves soil structure, nutrient availability, water retention, and microbial activity.
Not compatible with iron‑based products — apply separately.
Suitable for irrigation systems (sprinkler/drip) with small applications integrated per irrigation.","Dilute in water and spray or drench soil; mix well before use, minimum 1:20 dilution with water. Suitable for soil drench, fertigation, sprinkler, or irrigation."
Rescue Remedy – Soluble Seaweed (Kelp) Powder/Flakes,500g,4.5kg,20kg,,29782,,Soil Amendmenet,Powder,"Lawns/turf, gardens, vegetables, ornamentals, orchards/vineyards, broadacre crops & pasture",General,General,,,,,,,,,,10g,,,,,,,,,,,,,,,,,10g,Apply fortnightly or as required,https://www.plantdoctor.com.au/rescue-remedy-soluble-seaweed-kelp-powder-flakes-a,"Premium Ascophyllum nodosum seaweed bio‑stimulant packed with natural hormones, trace elements, amino acids, and carbohydrates to improve root growth, stress resilience and plant vigour.
Works via foliar spray or irrigation/fertigation and suitable for lawns, gardens, orchard crops and broadacre use.","Dissolve fully in water before applying; apply as foliar spray, soil drench, or via irrigation/fertigation"
Rescue Remedy – Soluble Seaweed (Kelp) Powder/Flakes,500g,4.5kg,20kg,,29782,,Soil Amendmenet,Powder,"Lawns/turf, gardens, vegetables, ornamentals, orchards/vineyards, broadacre crops & pasture",Foliar,Vegetables,,,,,,,,,,10g,,,,,,,,0.25kg,,,,,,,,,,Calculation based on 10L water  spray volume. Apply every 1-2 weeks until flowering,https://www.plantdoctor.com.au/rescue-remedy-soluble-seaweed-kelp-powder-flakes-a,"Premium Ascophyllum nodosum seaweed bio‑stimulant packed with natural hormones, trace elements, amino acids, and carbohydrates to improve root growth, stress resilience and plant vigour.
Works via foliar spray or irrigation/fertigation and suitable for lawns, gardens, orchard crops and broadacre use.","Dissolve fully in water before applying; apply as foliar spray, soil drench, or via irrigation/fertigation"
Rescue Remedy – Soluble Seaweed (Kelp) Powder/Flakes,500g,4.5kg,20kg,,29782,,Soil Amendmenet,Powder,"Lawns/turf, gardens, vegetables, ornamentals, orchards/vineyards, broadacre crops & pasture",Fertigation,Vegetables,,,,,,,,,,,,,,,,,,1kg,,,,,,,,,,Calculation based on 10L water  spray volume. Apply every 1-2 weeks until flowering,https://www.plantdoctor.com.au/rescue-remedy-soluble-seaweed-kelp-powder-flakes-a,"Premium Ascophyllum nodosum seaweed bio‑stimulant packed with natural hormones, trace elements, amino acids, and carbohydrates to improve root growth, stress resilience and plant vigour.
Works via foliar spray or irrigation/fertigation and suitable for lawns, gardens, orchard crops and broadacre use.","Dissolve fully in water before applying; apply as foliar spray, soil drench, or via irrigation/fertigation"
Rescue Remedy – Soluble Seaweed (Kelp) Powder/Flakes,500g,4.5kg,20kg,,29782,,Soil Amendmenet,Powder,"Lawns/turf, gardens, vegetables, ornamentals, orchards/vineyards, broadacre crops & pasture",Foliar,"Orchards, Vineyards, Ornametnals",,,,,,,,,,10g,,,,,,,,0.5kg,,,,,,,,,,Calculation based on 10L water  spray volume. Apply twice prior to flowering,https://www.plantdoctor.com.au/rescue-remedy-soluble-seaweed-kelp-powder-flakes-a,"Premium Ascophyllum nodosum seaweed bio‑stimulant packed with natural hormones, trace elements, amino acids, and carbohydrates to improve root growth, stress resilience and plant vigour.
Works via foliar spray or irrigation/fertigation and suitable for lawns, gardens, orchard crops and broadacre use.","Dissolve fully in water before applying; apply as foliar spray, soil drench, or via irrigation/fertigation"
Rescue Remedy – Soluble Seaweed (Kelp) Powder/Flakes,500g,4.5kg,20kg,,29782,,Soil Amendmenet,Powder,"Lawns/turf, gardens, vegetables, ornamentals, orchards/vineyards, broadacre crops & pasture",Fertigation,"Orchards, Vineyards, Ornametnals",,,,,,,,,,,,,,,,,,1kg,,,,,,,,,,Calculation based on 10L water  spray volume. Apply twice prior to flowering,https://www.plantdoctor.com.au/rescue-remedy-soluble-seaweed-kelp-powder-flakes-a,"Premium Ascophyllum nodosum seaweed bio‑stimulant packed with natural hormones, trace elements, amino acids, and carbohydrates to improve root growth, stress resilience and plant vigour.
Works via foliar spray or irrigation/fertigation and suitable for lawns, gardens, orchard crops and broadacre use.","Dissolve fully in water before applying; apply as foliar spray, soil drench, or via irrigation/fertigation"
Rescue Remedy – Soluble Seaweed (Kelp) Powder/Flakes,500g,4.5kg,20kg,,29782,,Soil Amendmenet,Powder,"Lawns/turf, gardens, vegetables, ornamentals, orchards/vineyards, broadacre crops & pasture",Foliar,Turf,,,,,,,,,,10g,,,,,,,,0.25kg,,,,,,,,,,Calculation based on 10L water  spray volume. Apply twice prior to flowering,https://www.plantdoctor.com.au/rescue-remedy-soluble-seaweed-kelp-powder-flakes-a,"Premium Ascophyllum nodosum seaweed bio‑stimulant packed with natural hormones, trace elements, amino acids, and carbohydrates to improve root growth, stress resilience and plant vigour.
Works via foliar spray or irrigation/fertigation and suitable for lawns, gardens, orchard crops and broadacre use.","Dissolve fully in water before applying; apply as foliar spray, soil drench, or via irrigation/fertigation"
Rescue Remedy – Soluble Seaweed (Kelp) Powder/Flakes,500g,4.5kg,20kg,,29782,,Soil Amendmenet,Powder,"Lawns/turf, gardens, vegetables, ornamentals, orchards/vineyards, broadacre crops & pasture",Fertigation,Turf,,,,,,,,,,,,,,,,,,1kg,,,,,,,,,,Calculation based on 10L water  spray volume. Apply twice prior to flowering,https://www.plantdoctor.com.au/rescue-remedy-soluble-seaweed-kelp-powder-flakes-a,"Premium Ascophyllum nodosum seaweed bio‑stimulant packed with natural hormones, trace elements, amino acids, and carbohydrates to improve root growth, stress resilience and plant vigour.
Works via foliar spray or irrigation/fertigation and suitable for lawns, gardens, orchard crops and broadacre use.","Dissolve fully in water before applying; apply as foliar spray, soil drench, or via irrigation/fertigation"
Rescue Remedy – Soluble Seaweed (Kelp) Powder/Flakes,500g,4.5kg,20kg,,29782,,Soil Amendmenet,Powder,"Lawns/turf, gardens, vegetables, ornamentals, orchards/vineyards, broadacre crops & pasture",Broadacre Crops,General Crops & Pasture,,,,,,,,,,,,,,,,,,0.1kg,,,,,,,,,,Calculation based on 60 - 100L water  spray volume. Apply just prior to flowering,https://www.plantdoctor.com.au/rescue-remedy-soluble-seaweed-kelp-powder-flakes-a,"Premium Ascophyllum nodosum seaweed bio‑stimulant packed with natural hormones, trace elements, amino acids, and carbohydrates to improve root growth, stress resilience and plant vigour.
Works via foliar spray or irrigation/fertigation and suitable for lawns, gardens, orchard crops and broadacre use.","Dissolve fully in water before applying; apply as foliar spray, soil drench, or via irrigation/fertigation"
Seaweed Secrets – Concentrated Liquid Seaweed (Kelp),1L,5L,10L,,SWS,,Soil Amendmenet,Liquid,"Lawns/turf, gardens & ornamentals, vegetables, orchards & vineyards, pasture & broadacre crops",General,General,,,,,,,,,,,,,,,100mL,,,,,,,,,,,,,Apply fortnightly or as required,https://www.plantdoctor.com.au/seaweed-secrets-concentrated-liquid-seaweed-kelp-s,"Seaweed extract with added humic & fulvic acids, rich in minerals and plant growth stimulants.
Compatible with most fertilisers and soil conditioners; do not mix with iron products.
Can be used across lawns, garden beds, vegetables, trees and broadacre crops.","Mix into sufficient water for even foliar or soil coverage; apply via sprayer, irrigation, or fertigation. Can be applied to soil or foliage"
Seaweed Secrets – Concentrated Liquid Seaweed (Kelp),1L,5L,10L,,SWS,,Soil Amendmenet,Liquid,"Lawns/turf, gardens & ornamentals, vegetables, orchards & vineyards, pasture & broadacre crops",Grass,Established Lawns,,,,,,,,,,,,,,,80mL,,,,,,,,,,,,,Apply every 2–4 weeks. Assumes 10 L spray per 100 m²; can be watered or foliar,https://www.plantdoctor.com.au/seaweed-secrets-concentrated-liquid-seaweed-kelp-s,"Seaweed extract with added humic & fulvic acids, rich in minerals and plant growth stimulants.
Compatible with most fertilisers and soil conditioners; do not mix with iron products.
Can be used across lawns, garden beds, vegetables, trees and broadacre crops.","Mix into sufficient water for even foliar or soil coverage; apply via sprayer, irrigation, or fertigation. Can be applied to soil or foliage"
Seaweed Secrets – Concentrated Liquid Seaweed (Kelp),1L,5L,10L,,SWS,,Soil Amendmenet,Liquid,"Lawns/turf, gardens & ornamentals, vegetables, orchards & vineyards, pasture & broadacre crops",Grass,New Lawns,,,,,,,,,,,,,,,50mL,,,,,,,,,,,,,Apply weekly. Assumes 10 L spray per 100 m²; helps young grass establish,https://www.plantdoctor.com.au/seaweed-secrets-concentrated-liquid-seaweed-kelp-s,"Seaweed extract with added humic & fulvic acids, rich in minerals and plant growth stimulants.
Compatible with most fertilisers and soil conditioners; do not mix with iron products.
Can be used across lawns, garden beds, vegetables, trees and broadacre crops.","Mix into sufficient water for even foliar or soil coverage; apply via sprayer, irrigation, or fertigation. Can be applied to soil or foliage"
Seaweed Secrets – Concentrated Liquid Seaweed (Kelp),1L,5L,10L,,SWS,,Soil Amendmenet,Liquid,"Lawns/turf, gardens & ornamentals, vegetables, orchards & vineyards, pasture & broadacre crops",Bedding Plants,Vegetables / Annuals,,,,,,,,,,,,,,,25mL,,,,,,,,,,,,,Apply weekly. Assumes 10 L spray per 100 m²; foliar or soil application,https://www.plantdoctor.com.au/seaweed-secrets-concentrated-liquid-seaweed-kelp-s,"Seaweed extract with added humic & fulvic acids, rich in minerals and plant growth stimulants.
Compatible with most fertilisers and soil conditioners; do not mix with iron products.
Can be used across lawns, garden beds, vegetables, trees and broadacre crops.","Mix into sufficient water for even foliar or soil coverage; apply via sprayer, irrigation, or fertigation. Can be applied to soil or foliage"
Seaweed Secrets – Concentrated Liquid Seaweed (Kelp),1L,5L,10L,,SWS,,Soil Amendmenet,Liquid,"Lawns/turf, gardens & ornamentals, vegetables, orchards & vineyards, pasture & broadacre crops",Trees,General,,,,,,,,,,,,,,,80mL,,,,,,,,,,,,,Apply every 4 weeks. Apply to soil around drip line; assumes 10 L water/100 m² equivalent,https://www.plantdoctor.com.au/seaweed-secrets-concentrated-liquid-seaweed-kelp-s,"Seaweed extract with added humic & fulvic acids, rich in minerals and plant growth stimulants.
Compatible with most fertilisers and soil conditioners; do not mix with iron products.
Can be used across lawns, garden beds, vegetables, trees and broadacre crops.","Mix into sufficient water for even foliar or soil coverage; apply via sprayer, irrigation, or fertigation. Can be applied to soil or foliage"
Seaweed Secrets – Concentrated Liquid Seaweed (Kelp),1L,5L,10L,,SWS,,Soil Amendmenet,Liquid,"Lawns/turf, gardens & ornamentals, vegetables, orchards & vineyards, pasture & broadacre crops",Broadacre Crops,General,,,,,,,,,,,,,,,60mL,100mL,,,6L,10L,,,,,,,,"Apply as required. Assumes 100 L water/ha, scaled to 100 m²",https://www.plantdoctor.com.au/seaweed-secrets-concentrated-liquid-seaweed-kelp-s,"Seaweed extract with added humic & fulvic acids, rich in minerals and plant growth stimulants.
Compatible with most fertilisers and soil conditioners; do not mix with iron products.
Can be used across lawns, garden beds, vegetables, trees and broadacre crops.","Mix into sufficient water for even foliar or soil coverage; apply via sprayer, irrigation, or fertigation. Can be applied to soil or foliage"
Seaweed Secrets – Concentrated Liquid Seaweed (Kelp),1L,5L,10L,,SWS,,Soil Amendmenet,Liquid,"Lawns/turf, gardens & ornamentals, vegetables, orchards & vineyards, pasture & broadacre crops",General,Spot Spraying,,,,,,,,,,,,,,,35mL,,,,,,,,,,,35mL,,Apply as required. Original label 35 ml per 10 L water; actual ml/100 m² depends on spray volume; used 10 L water assumption for calculation,https://www.plantdoctor.com.au/seaweed-secrets-concentrated-liquid-seaweed-kelp-s,"Seaweed extract with added humic & fulvic acids, rich in minerals and plant growth stimulants.
Compatible with most fertilisers and soil conditioners; do not mix with iron products.
Can be used across lawns, garden beds, vegetables, trees and broadacre crops.","Mix into sufficient water for even foliar or soil coverage; apply via sprayer, irrigation, or fertigation. Can be applied to soil or foliage"
Stimulizer – Super Concentrate Bio‑Stimulant,30mL,1L,4L,10L,STM,,Soil Amendmenet,Liquid,"Lawns/turf, gardens & ornamentals, vegetables, orchards & vines, broadacre crops, hydroponics & controlled environment crops",General,General,,,,,,,,,,,,,,,3mL,5mL,,,,,,,2mL,,,,,"Apply fortnightly or when required. Does not burn or damage the plant, lawn or soil if over-applied, but works best at lower rates.",https://www.plantdoctor.com.au/stimulizer-super-concentrate-bio-stimulant-natural,"Stimulizer enhances root development, nutrient uptake, soil microbial activity, stress resistance and overall plant vigor. It is compatible with other liquid fertilisers and tank mixes (perform a jar test first). Also used in hydroponics at lower per‑L rates","Mix fully into water for even spray coverage. Can be applied as a soil drench, foliar spray, in hydroponic solutions, or via fertigation/irrigation systems. For foliar use, mix in sufficient water to cover leaf surfaces without runoff."
Stimulizer – Super Concentrate Bio‑Stimulant,30mL,1L,4L,10L,STM,,Soil Amendmenet,Liquid,"Lawns/turf, gardens & ornamentals, vegetables, orchards & vines, broadacre crops, hydroponics & controlled environment crops",Broadacre Crops,General,,,,,,,,,,,,,,,,,,,0.78L,,,,,,,,,"Apply fortnightly or when required. Does not burn or damage the plant, lawn or soil if over-applied, but works best at lower rates.",https://www.plantdoctor.com.au/stimulizer-super-concentrate-bio-stimulant-natural,"Stimulizer enhances root development, nutrient uptake, soil microbial activity, stress resistance and overall plant vigor. It is compatible with other liquid fertilisers and tank mixes (perform a jar test first). Also used in hydroponics at lower per‑L rates","Mix fully into water for even spray coverage. Can be applied as a soil drench, foliar spray, in hydroponic solutions, or via fertigation/irrigation systems. For foliar use, mix in sufficient water to cover leaf surfaces without runoff."
Stimulizer – Super Concentrate Bio‑Stimulant,30mL,1L,4L,10L,STM,,Soil Amendmenet,Liquid,"Lawns/turf, gardens & ornamentals, vegetables, orchards & vines, broadacre crops, hydroponics & controlled environment crops",Hydroponics,General,36:100,36mL,,,,,,,,,,,,,,,,,,,,,,,,,,"Apply fortnightly or when required. Does not burn or damage the plant, lawn or soil if over-applied, but works best at lower rates.",https://www.plantdoctor.com.au/stimulizer-super-concentrate-bio-stimulant-natural,"Stimulizer enhances root development, nutrient uptake, soil microbial activity, stress resistance and overall plant vigor. It is compatible with other liquid fertilisers and tank mixes (perform a jar test first). Also used in hydroponics at lower per‑L rates","Mix fully into water for even spray coverage. Can be applied as a soil drench, foliar spray, in hydroponic solutions, or via fertigation/irrigation systems. For foliar use, mix in sufficient water to cover leaf surfaces without runoff."
Stimulizer – Super Concentrate Bio‑Stimulant,30mL,1L,4L,10L,STM,,Soil Amendmenet,Liquid,"Lawns/turf, gardens & ornamentals, vegetables, orchards & vines, broadacre crops, hydroponics & controlled environment crops",Foliar,Turf,,,,,,,,,,,,,,,,,,,0.29L,,,,,,,,,"Apply fortnightly or when required. Does not burn or damage the plant, lawn or soil if over-applied, but works best at lower rates.",https://www.plantdoctor.com.au/stimulizer-super-concentrate-bio-stimulant-natural,"Stimulizer enhances root development, nutrient uptake, soil microbial activity, stress resistance and overall plant vigor. It is compatible with other liquid fertilisers and tank mixes (perform a jar test first). Also used in hydroponics at lower per‑L rates","Mix fully into water for even spray coverage. Can be applied as a soil drench, foliar spray, in hydroponic solutions, or via fertigation/irrigation systems. For foliar use, mix in sufficient water to cover leaf surfaces without runoff."
Stimulizer – Super Concentrate Bio‑Stimulant,30mL,1L,4L,10L,STM,,Soil Amendmenet,Liquid,"Lawns/turf, gardens & ornamentals, vegetables, orchards & vines, broadacre crops, hydroponics & controlled environment crops",Foliar,Vineyard,,,,,,,,,,,,,,,,,,,0.4L,,,,,,,,,"Apply fortnightly or when required. Does not burn or damage the plant, lawn or soil if over-applied, but works best at lower rates.",https://www.plantdoctor.com.au/stimulizer-super-concentrate-bio-stimulant-natural,"Stimulizer enhances root development, nutrient uptake, soil microbial activity, stress resistance and overall plant vigor. It is compatible with other liquid fertilisers and tank mixes (perform a jar test first). Also used in hydroponics at lower per‑L rates","Mix fully into water for even spray coverage. Can be applied as a soil drench, foliar spray, in hydroponic solutions, or via fertigation/irrigation systems. For foliar use, mix in sufficient water to cover leaf surfaces without runoff."
Stimulizer – Super Concentrate Bio‑Stimulant,30mL,1L,4L,10L,STM,,Soil Amendmenet,Liquid,"Lawns/turf, gardens & ornamentals, vegetables, orchards & vines, broadacre crops, hydroponics & controlled environment crops",Foliar,General,,,,,,,,,,,,,,,3mL,,,,,,,,,,,,,"Apply fortnightly or when required. Does not burn or damage the plant, lawn or soil if over-applied, but works best at lower rates.",https://www.plantdoctor.com.au/stimulizer-super-concentrate-bio-stimulant-natural,"Stimulizer enhances root development, nutrient uptake, soil microbial activity, stress resistance and overall plant vigor. It is compatible with other liquid fertilisers and tank mixes (perform a jar test first). Also used in hydroponics at lower per‑L rates","Mix fully into water for even spray coverage. Can be applied as a soil drench, foliar spray, in hydroponic solutions, or via fertigation/irrigation systems. For foliar use, mix in sufficient water to cover leaf surfaces without runoff."
VolcaMin (Clinoptilolite Zeolite)  1-2mm,1kg,4.5kg,20kg,,557,,Soil Amendmenet,Powder,"Lawns/turf, gardens & ornamentals, vegetables, trees/shrubs, broadacre crops, potting mixes, soil blends",Growing Mix,2.5% of mix volume,,,,,,,,,,,,25kg,,,,,,,,,,,,,,,,One‑off or annual soil amendment — long‑lasting soil conditioner (does not break down),https://www.plantdoctor.com.au/volcamin-clinoptilolite-zeolite,"Natural zeolite improves soil structure, nutrient retention, water holding capacity, and reduces leaching.
Works in potting mixes, raised beds, gardens, turf, and broadacre soils.
Can be mixed into fertiliser blends at 25–50 % of blend to enhance nutrient efficiency.","Not diluted — broadcast or blend into soil/soil mix or compost; incorporate into top soil or planting hole, or mix with fertiliser blends (e.g., 25–50 % of fertiliser blend weight)"
VolcaMin (Clinoptilolite Zeolite)  1-2mm,1kg,4.5kg,20kg,,557,,Soil Amendmenet,Powder,"Lawns/turf, gardens & ornamentals, vegetables, trees/shrubs, broadacre crops, potting mixes, soil blends",Growing Mix,5% of mix volume,,,,,,,,,,,,50kg,,,,,,,,,,,,,,,,One‑off or annual soil amendment — long‑lasting soil conditioner (does not break down),https://www.plantdoctor.com.au/volcamin-clinoptilolite-zeolite,"Natural zeolite improves soil structure, nutrient retention, water holding capacity, and reduces leaching.
Works in potting mixes, raised beds, gardens, turf, and broadacre soils.
Can be mixed into fertiliser blends at 25–50 % of blend to enhance nutrient efficiency.","Not diluted — broadcast or blend into soil/soil mix or compost; incorporate into top soil or planting hole, or mix with fertiliser blends (e.g., 25–50 % of fertiliser blend weight)"
VolcaMin (Clinoptilolite Zeolite)  1-2mm,1kg,4.5kg,20kg,,557,,Soil Amendmenet,Powder,"Lawns/turf, gardens & ornamentals, vegetables, trees/shrubs, broadacre crops, potting mixes, soil blends",Growing Mix,100kg,,,,,,,,,,,,100kg,,,,,,,,,,,,,,,,One‑off or annual soil amendment — long‑lasting soil conditioner (does not break down),https://www.plantdoctor.com.au/volcamin-clinoptilolite-zeolite,"Natural zeolite improves soil structure, nutrient retention, water holding capacity, and reduces leaching.
Works in potting mixes, raised beds, gardens, turf, and broadacre soils.
Can be mixed into fertiliser blends at 25–50 % of blend to enhance nutrient efficiency.","Not diluted — broadcast or blend into soil/soil mix or compost; incorporate into top soil or planting hole, or mix with fertiliser blends (e.g., 25–50 % of fertiliser blend weight)"
VolcaMin (Clinoptilolite Zeolite)  1-2mm,1kg,4.5kg,20kg,,557,,Soil Amendmenet,Powder,"Lawns/turf, gardens & ornamentals, vegetables, trees/shrubs, broadacre crops, potting mixes, soil blends",Field Application,Soil Amendment,,,,,,,,,,,,,,,,,1000kg,5000kg,,,,,,,,,,One‑off or annual soil amendment — long‑lasting soil conditioner (does not break down),https://www.plantdoctor.com.au/volcamin-clinoptilolite-zeolite,"Natural zeolite improves soil structure, nutrient retention, water holding capacity, and reduces leaching.
Works in potting mixes, raised beds, gardens, turf, and broadacre soils.
Can be mixed into fertiliser blends at 25–50 % of blend to enhance nutrient efficiency.","Not diluted — broadcast or blend into soil/soil mix or compost; incorporate into top soil or planting hole, or mix with fertiliser blends (e.g., 25–50 % of fertiliser blend weight)"
VolcaMin (Clinoptilolite Zeolite)  1-2mm,1kg,4.5kg,20kg,,557,,Soil Amendmenet,Powder,"Lawns/turf, gardens & ornamentals, vegetables, trees/shrubs, broadacre crops, potting mixes, soil blends",Trees,At Planting,,,,5000g,10000g,,,,,,,,,,,,,,,,,,,,,,,One‑off or annual soil amendment — long‑lasting soil conditioner (does not break down),https://www.plantdoctor.com.au/volcamin-clinoptilolite-zeolite,"Natural zeolite improves soil structure, nutrient retention, water holding capacity, and reduces leaching.
Works in potting mixes, raised beds, gardens, turf, and broadacre soils.
Can be mixed into fertiliser blends at 25–50 % of blend to enhance nutrient efficiency.","Not diluted — broadcast or blend into soil/soil mix or compost; incorporate into top soil or planting hole, or mix with fertiliser blends (e.g., 25–50 % of fertiliser blend weight)"
VolcaMin (Clinoptilolite Zeolite)  1-2mm,1kg,4.5kg,20kg,,557,,Soil Amendmenet,Powder,"Lawns/turf, gardens & ornamentals, vegetables, trees/shrubs, broadacre crops, potting mixes, soil blends",Trees,Circle Trenching,,,,3000g,5000g,,,,,,,,,,,,,,,,,,,,,,,One‑off or annual soil amendment — long‑lasting soil conditioner (does not break down),https://www.plantdoctor.com.au/volcamin-clinoptilolite-zeolite,"Natural zeolite improves soil structure, nutrient retention, water holding capacity, and reduces leaching.
Works in potting mixes, raised beds, gardens, turf, and broadacre soils.
Can be mixed into fertiliser blends at 25–50 % of blend to enhance nutrient efficiency.","Not diluted — broadcast or blend into soil/soil mix or compost; incorporate into top soil or planting hole, or mix with fertiliser blends (e.g., 25–50 % of fertiliser blend weight)"
VolcaMin (Clinoptilolite Zeolite)  2-4 mm,1kg,4.5kg,20kg,,567,,Soil Amendmenet,Powder,"Lawns/turf, gardens & ornamentals, vegetables, trees/shrubs, broadacre crops, potting mixes, soil blends",Growing Mix,2.5% of mix volume,,,,,,,,,,,,25kg,,,,,,,,,,,,,,,,One‑off or annual soil amendment — long‑lasting soil conditioner (does not break down),https://www.plantdoctor.com.au/volcamin-clinoptilolite-zeolite-horticulture-agric~567,"Natural zeolite improves soil structure, nutrient retention, water holding capacity, and reduces leaching.
Works in potting mixes, raised beds, gardens, turf, and broadacre soils.
Can be mixed into fertiliser blends at 25–50 % of blend to enhance nutrient efficiency.","Not diluted — broadcast or blend into soil/soil mix or compost; incorporate into top soil or planting hole, or mix with fertiliser blends (e.g., 25–50 % of fertiliser blend weight)"
VolcaMin (Clinoptilolite Zeolite)  2-4 mm,1kg,4.5kg,20kg,,567,,Soil Amendmenet,Powder,"Lawns/turf, gardens & ornamentals, vegetables, trees/shrubs, broadacre crops, potting mixes, soil blends",Growing Mix,5% of mix volume,,,,,,,,,,,,50kg,,,,,,,,,,,,,,,,One‑off or annual soil amendment — long‑lasting soil conditioner (does not break down),https://www.plantdoctor.com.au/volcamin-clinoptilolite-zeolite-horticulture-agric~567,"Natural zeolite improves soil structure, nutrient retention, water holding capacity, and reduces leaching.
Works in potting mixes, raised beds, gardens, turf, and broadacre soils.
Can be mixed into fertiliser blends at 25–50 % of blend to enhance nutrient efficiency.","Not diluted — broadcast or blend into soil/soil mix or compost; incorporate into top soil or planting hole, or mix with fertiliser blends (e.g., 25–50 % of fertiliser blend weight)"
VolcaMin (Clinoptilolite Zeolite)  2-4 mm,1kg,4.5kg,20kg,,567,,Soil Amendmenet,Powder,"Lawns/turf, gardens & ornamentals, vegetables, trees/shrubs, broadacre crops, potting mixes, soil blends",Growing Mix,100kg,,,,,,,,,,,,100kg,,,,,,,,,,,,,,,,One‑off or annual soil amendment — long‑lasting soil conditioner (does not break down),https://www.plantdoctor.com.au/volcamin-clinoptilolite-zeolite-horticulture-agric~567,"Natural zeolite improves soil structure, nutrient retention, water holding capacity, and reduces leaching.
Works in potting mixes, raised beds, gardens, turf, and broadacre soils.
Can be mixed into fertiliser blends at 25–50 % of blend to enhance nutrient efficiency.","Not diluted — broadcast or blend into soil/soil mix or compost; incorporate into top soil or planting hole, or mix with fertiliser blends (e.g., 25–50 % of fertiliser blend weight)"
VolcaMin (Clinoptilolite Zeolite)  2-4 mm,1kg,4.5kg,20kg,,567,,Soil Amendmenet,Powder,"Lawns/turf, gardens & ornamentals, vegetables, trees/shrubs, broadacre crops, potting mixes, soil blends",Field Application,Soil Amendment,,,,,,,,,,,,,,,,,1000kg,5000kg,,,,,,,,,,One‑off or annual soil amendment — long‑lasting soil conditioner (does not break down),https://www.plantdoctor.com.au/volcamin-clinoptilolite-zeolite-horticulture-agric~567,"Natural zeolite improves soil structure, nutrient retention, water holding capacity, and reduces leaching.
Works in potting mixes, raised beds, gardens, turf, and broadacre soils.
Can be mixed into fertiliser blends at 25–50 % of blend to enhance nutrient efficiency.","Not diluted — broadcast or blend into soil/soil mix or compost; incorporate into top soil or planting hole, or mix with fertiliser blends (e.g., 25–50 % of fertiliser blend weight)"
VolcaMin (Clinoptilolite Zeolite)  2-4 mm,1kg,4.5kg,20kg,,567,,Soil Amendmenet,Powder,"Lawns/turf, gardens & ornamentals, vegetables, trees/shrubs, broadacre crops, potting mixes, soil blends",Trees,At Planting,,,,5000g,10000g,,,,,,,,,,,,,,,,,,,,,,,One‑off or annual soil amendment — long‑lasting soil conditioner (does not break down),https://www.plantdoctor.com.au/volcamin-clinoptilolite-zeolite-horticulture-agric~567,"Natural zeolite improves soil structure, nutrient retention, water holding capacity, and reduces leaching.
Works in potting mixes, raised beds, gardens, turf, and broadacre soils.
Can be mixed into fertiliser blends at 25–50 % of blend to enhance nutrient efficiency.","Not diluted — broadcast or blend into soil/soil mix or compost; incorporate into top soil or planting hole, or mix with fertiliser blends (e.g., 25–50 % of fertiliser blend weight)"
VolcaMin (Clinoptilolite Zeolite)  2-4 mm,1kg,4.5kg,20kg,,567,,Soil Amendmenet,Powder,"Lawns/turf, gardens & ornamentals, vegetables, trees/shrubs, broadacre crops, potting mixes, soil blends",Trees,Circle Trenching,,,,3000g,5000g,,,,,,,,,,,,,,,,,,,,,,,One‑off or annual soil amendment — long‑lasting soil conditioner (does not break down),https://www.plantdoctor.com.au/volcamin-clinoptilolite-zeolite-horticulture-agric~567,"Natural zeolite improves soil structure, nutrient retention, water holding capacity, and reduces leaching.
Works in potting mixes, raised beds, gardens, turf, and broadacre soils.
Can be mixed into fertiliser blends at 25–50 % of blend to enhance nutrient efficiency.","Not diluted — broadcast or blend into soil/soil mix or compost; incorporate into top soil or planting hole, or mix with fertiliser blends (e.g., 25–50 % of fertiliser blend weight)"
VolcaMin (Clinoptilolite Zeolite) Agriculture Grade < 1.0mm,1kg,4.5kg,20kg,,562,,Soil Amendmenet,Powder,"Lawns & turf, gardens & ornamentals, vegetables & edibles, orchards & vineyards, broadacre crops & pastures, potting mixes/soil blends, planting holes",General,Lawn & Garden,,,,,,,,25g,100g,,,,,,,,,,,,,,,,,,,"One‑off or annual soil amendment — long‑lasting soil conditioner (does not break down). Sprinkle over the lawn, garden, or pot plants by hand or with a granular fertiliser applicator. Work into the soil for best results. Before laying new turf, lay under topsoil.",https://www.plantdoctor.com.au/volcamin-clinoptilolite-zeolite-horticulture-agric~562,"Natural clinoptilolite zeolite enhances soil nutrient retention and water holding capacity, releasing nutrients slowly as plants need them.
Especially beneficial in sandy, hydrophobic, or nutrient‑poor soils and high‑leaching conditions.
Also used in potting mixes, planting holes, and compost blends to boost water/nutrient efficiency; zeolite can also remove odours or improve manure value.","Not diluted — broadcast or blend into soil/soil mix or compost; incorporate into top soil or planting hole, or mix with fertiliser blends (e.g., 25–50 % of fertiliser blend weight)"
VolcaMin (Clinoptilolite Zeolite) Agriculture Grade < 1.0mm,1kg,4.5kg,20kg,,562,,Soil Amendmenet,Powder,"Lawns & turf, gardens & ornamentals, vegetables & edibles, orchards & vineyards, broadacre crops & pastures, potting mixes/soil blends, planting holes",General,Larger Fields or Paddocks,,,,,,,,,,,,,,,,,250kg,1000kg,,,,,,,,,,"One‑off or annual soil amendment — long‑lasting soil conditioner (does not break down). Sprinkle over the lawn, garden, or pot plants by hand or with a granular fertiliser applicator. Work into the soil for best results. Before laying new turf, lay under topsoil.",https://www.plantdoctor.com.au/volcamin-clinoptilolite-zeolite-horticulture-agric~562,"Natural clinoptilolite zeolite enhances soil nutrient retention and water holding capacity, releasing nutrients slowly as plants need them.
Especially beneficial in sandy, hydrophobic, or nutrient‑poor soils and high‑leaching conditions.
Also used in potting mixes, planting holes, and compost blends to boost water/nutrient efficiency; zeolite can also remove odours or improve manure value.","Not diluted — broadcast or blend into soil/soil mix or compost; incorporate into top soil or planting hole, or mix with fertiliser blends (e.g., 25–50 % of fertiliser blend weight)"
VolcaMin (Clinoptilolite Zeolite) Agriculture Grade < 1.0mm,1kg,4.5kg,20kg,,562,,Soil Amendmenet,Powder,"Lawns & turf, gardens & ornamentals, vegetables & edibles, orchards & vineyards, broadacre crops & pastures, potting mixes/soil blends, planting holes",General,Potting Mix,,,,,,,,,,,,,,,,,,,,,,,,,,,,"Add 5% by volume (50 litres/m³ or 28.5kg/m³ by weight). One‑off or annual soil amendment — long‑lasting soil conditioner (Sprinkle over the lawn, garden, or pot plants by hand or with a granular fertiliser applicator. Work into the soil for best results. Before laying new turf, lay under topsoil.does not break down). ",https://www.plantdoctor.com.au/volcamin-clinoptilolite-zeolite-horticulture-agric~562,"Natural clinoptilolite zeolite enhances soil nutrient retention and water holding capacity, releasing nutrients slowly as plants need them.
Especially beneficial in sandy, hydrophobic, or nutrient‑poor soils and high‑leaching conditions.
Also used in potting mixes, planting holes, and compost blends to boost water/nutrient efficiency; zeolite can also remove odours or improve manure value.","Not diluted — broadcast or blend into soil/soil mix or compost; incorporate into top soil or planting hole, or mix with fertiliser blends (e.g., 25–50 % of fertiliser blend weight)"
Worm Magic Casting Pellets,10kg,20kg,,,WMP,5-2-2,Soil Amendmenet,Granular,"Lawns, gardens, pots, trees, horticulture, pastures, broadacre",Grass,"Buffalo, Couch, Kikuyu, Zoysia",,,,,,,,20,40,,,,2kg,4kg,,,200kg,400kg,,,,,,,,,,Every 4–6 weeks or as required,https://www.plantdoctor.com.au/worm-magic-casting-pellets,Distribute evenly across lawn and garden areas and water in thoroughly. Typical home rate 20–40 g/m² (2–4 kg/100 m²).,"Do not dilute — broadcast spread or work into the top layer of soil, then water in."
Worm Magic Casting Pellets,10kg,20kg,,,WMP,5-2-2,Soil Amendmenet,Granular,"Lawns, gardens, pots, trees, horticulture, pastures, broadacre",Home Garden,General,,,,,,,,20,40,,,,2kg,4kg,,,200kg,400kg,,,,,,,,,,Every 4–6 weeks or as required,https://www.plantdoctor.com.au/worm-magic-casting-pellets,"Spread around plants, shrubs, or garden beds at 20–40 g/m². For pots: 2 tablespoons per 5 L potting mix, worked into the top layer.","Do not dilute — broadcast or incorporate, then water in."
Worm Magic Casting Pellets,10kg,20kg,,,WMP,5-2-2,Soil Amendmenet,Granular,"Lawns, gardens, pots, trees, horticulture, pastures, broadacre",Trees,"Vines, Vegetables, Trees",,,,,,,,,,,,,2.5kg,10kg,,,250kg,1000kg,,,,,,,,,,Prior to planting or as a top-dress during the crop cycle,https://www.plantdoctor.com.au/worm-magic-casting-pellets,"Horticulture 250–1000 kg/ha. Apply along the drip line, into the planting hole, or as an even broadcast.","Do not dilute — belt spread, band, or broadcast, then water in."
Worm Magic Casting Pellets,10kg,20kg,,,WMP,5-2-2,Soil Amendmenet,Granular,"Lawns, gardens, pots, trees, horticulture, pastures, broadacre",Broadacre Crops,Grasses & Dicots / Pastures,,,,,,,,,,,,,1kg,2.5kg,,,100kg,250kg,,,,,,,,,,At sowing or as a top-dress,https://www.plantdoctor.com.au/worm-magic-casting-pellets,"Broadacre and pastures 100–250 kg/ha. Band about 5 cm below the surface at sowing, or broadcast as a top-dress.","Do not dilute — gravity-fed opener, air seeder, or broadcast."
Worm Magic Liquid Compost Tea,1L,4L,10L,,WMB,,Soil Amendmenet,Liquid,"Lawns, gardens, pots, trees, fertigation, pastures, broadacre",Grass,Established Lawns,,,,,,,,,,,,,,,90mL,120mL,,,9L,12L,,,50mL,100mL,,,,Every 2–4 weeks after mowing,https://www.plantdoctor.com.au/worm-magic-brewed-from-worm-castings,Lawn foliar/soil rate 9–12 L/ha (90–120 mL/100 m²). Apply evenly after mowing. Do not tank-mix with iron.,Mix in water; foliar spray or soil drench. Jar test before mixing with other products.
Worm Magic Liquid Compost Tea,1L,4L,10L,,WMB,,Soil Amendmenet,Liquid,"Lawns, gardens, pots, trees, fertigation, pastures, broadacre",Home Garden,Garden beds & small lawns,,,,,,,,,,,,,,,50mL,100mL,,,,,,,50mL,100mL,,,,"Every 2–4 weeks, watered in well",https://www.plantdoctor.com.au/worm-magic-brewed-from-worm-castings,Garden beds and small lawns: 50–100 mL per 9 L water. Containers: 10–20 mL per 1 L water every 2–4 weeks. Fruit trees and shrubs: 100–150 mL per 9 L around the drip line every 4–6 weeks.,Soil drench or foliar. Do not tank-mix with iron.
Worm Magic Liquid Compost Tea,1L,4L,10L,,WMB,,Soil Amendmenet,Liquid,"Lawns, gardens, pots, trees, fertigation, pastures, broadacre",Bedding Plants,"Vegetables, vines, fruit trees, shrubs",,,,,,,,,,,,,,,50mL,70mL,,,5L,7L,,,100mL,150mL,,,,"Every 2–3 weeks, especially before stress periods",https://www.plantdoctor.com.au/worm-magic-brewed-from-worm-castings,Horticulture foliar 5–7 L/ha. Fruit trees and shrubs at hobby rate 100–150 mL per 9 L around the drip line.,Foliar or soil drench. Do not tank-mix with iron.
Worm Magic Liquid Compost Tea,1L,4L,10L,,WMB,,Soil Amendmenet,Liquid,"Lawns, gardens, pots, trees, fertigation, pastures, broadacre",Broadacre Crops,Pastures & broadacre,,,,,,,,,,,,,,,100mL,200mL,,,10L,20L,,,,,,,,Every 4–6 weeks in early growth or reproductive phases,https://www.plantdoctor.com.au/worm-magic-brewed-from-worm-castings,"Pastures, broadacre, and fertigation 10–20 L/ha.","Foliar, soil, or fertigation. Do not tank-mix with iron."
